,,s,s
Time Step,Wall Time,Step Size,Simulation Time
      1,2022-02-24T06:23:10.292+02:00,   0.822E-01,   0.08219
      2,2022-02-24T06:23:10.502+02:00,   0.822E-01,   0.16438
      3,2022-02-24T06:23:10.750+02:00,   0.822E-01,   0.24657
      4,2022-02-24T06:23:11.004+02:00,   0.822E-01,   0.32876
      5,2022-02-24T06:23:11.154+02:00,   0.822E-01,   0.41095
      6,2022-02-24T06:23:11.360+02:00,   0.736E-01,   0.48459
      7,2022-02-24T06:23:11.587+02:00,   0.736E-01,   0.55824
      8,2022-02-24T06:23:11.743+02:00,   0.736E-01,   0.63189
      9,2022-02-24T06:23:11.953+02:00,   0.630E-01,   0.69492
     10,2022-02-24T06:23:12.209+02:00,   0.630E-01,   0.75796
     20,2022-02-24T06:23:14.375+02:00,   0.499E-01,   1.30334
     30,2022-02-24T06:23:16.930+02:00,   0.447E-01,   1.76562
     40,2022-02-24T06:23:19.600+02:00,   0.401E-01,   2.18965
     50,2022-02-24T06:23:22.005+02:00,   0.401E-01,   2.59107
     60,2022-02-24T06:23:24.461+02:00,   0.401E-01,   2.99248
     70,2022-02-24T06:23:27.085+02:00,   0.361E-01,   3.37757
     80,2022-02-24T06:23:29.790+02:00,   0.361E-01,   3.73817
     90,2022-02-24T06:23:32.749+02:00,   0.361E-01,   4.09877
    100,2022-02-24T06:23:35.755+02:00,   0.361E-01,   4.45936
    200,2022-02-24T06:24:05.151+02:00,   0.361E-01,   8.06534
    300,2022-02-24T06:24:35.094+02:00,   0.323E-01,  11.66006
    400,2022-02-24T06:25:05.316+02:00,   0.323E-01,  14.89096
    500,2022-02-24T06:25:35.444+02:00,   0.323E-01,  18.12186
    600,2022-02-24T06:26:05.917+02:00,   0.323E-01,  21.35276
    700,2022-02-24T06:26:36.331+02:00,   0.323E-01,  24.58367
    800,2022-02-24T06:27:06.784+02:00,   0.323E-01,  27.81457
    900,2022-02-24T06:27:37.943+02:00,   0.323E-01,  31.04547
   1000,2022-02-24T06:28:09.328+02:00,   0.323E-01,  34.27637
   1100,2022-02-24T06:28:39.096+02:00,   0.323E-01,  37.50727
   1200,2022-02-24T06:29:08.554+02:00,   0.288E-01,  40.68513
   1300,2022-02-24T06:29:38.452+02:00,   0.327E-01,  43.76956
   1400,2022-02-24T06:30:08.277+02:00,   0.335E-01,  46.74584
   1500,2022-02-24T06:30:38.302+02:00,   0.183E-01,  49.65869
   1600,2022-02-24T06:31:08.274+02:00,   0.265E-01,  51.46662
   1700,2022-02-24T06:31:38.384+02:00,   0.187E-01,  53.38289
   1800,2022-02-24T06:32:08.302+02:00,   0.228E-01,  56.45677
   1900,2022-02-24T06:32:38.332+02:00,   0.327E-01,  59.14460
   2000,2022-02-24T06:33:08.192+02:00,   0.327E-01,  62.41005
   2100,2022-02-24T06:33:38.778+02:00,   0.316E-01,  65.57948
   2200,2022-02-24T06:34:08.960+02:00,   0.338E-01,  68.70470
   2300,2022-02-24T06:34:39.968+02:00,   0.334E-01,  71.50619
   2400,2022-02-24T06:35:09.971+02:00,   0.320E-01,  74.68699
   2500,2022-02-24T06:35:40.720+02:00,   0.320E-01,  77.88736
   2600,2022-02-24T06:36:11.630+02:00,   0.330E-01,  80.96415
   2700,2022-02-24T06:36:42.265+02:00,   0.330E-01,  84.26177
   2800,2022-02-24T06:37:13.133+02:00,   0.330E-01,  87.55939
   2900,2022-02-24T06:37:43.970+02:00,   0.330E-01,  90.85701
   3000,2022-02-24T06:38:14.925+02:00,   0.282E-01,  93.92623
   3100,2022-02-24T06:38:45.328+02:00,   0.326E-01,  97.10714
   3200,2022-02-24T06:39:15.940+02:00,   0.344E-01, 100.29242
   3300,2022-02-24T06:39:46.837+02:00,   0.338E-01, 103.56100
   3400,2022-02-24T06:40:17.642+02:00,   0.338E-01, 106.94067
   3500,2022-02-24T06:40:48.319+02:00,   0.328E-01, 110.23043
   3600,2022-02-24T06:41:19.032+02:00,   0.324E-01, 113.46465
   3700,2022-02-24T06:41:49.841+02:00,   0.317E-01, 116.66828
   3800,2022-02-24T06:42:19.753+02:00,   0.266E-01, 119.69917
   3900,2022-02-24T06:42:50.273+02:00,   0.322E-01, 122.91445
   4000,2022-02-24T06:43:21.264+02:00,   0.322E-01, 126.13559
   4100,2022-02-24T06:43:51.991+02:00,   0.322E-01, 129.35672
   4200,2022-02-24T06:44:22.790+02:00,   0.285E-01, 132.56675
   4300,2022-02-24T06:44:54.638+02:00,   0.340E-01, 135.94583
   4400,2022-02-24T06:45:26.638+02:00,   0.340E-01, 139.34551
   4500,2022-02-24T06:45:57.825+02:00,   0.315E-01, 142.45359
   4600,2022-02-24T06:46:28.526+02:00,   0.315E-01, 145.60454
   4700,2022-02-24T06:46:59.166+02:00,   0.315E-01, 148.75548
   4800,2022-02-24T06:47:30.039+02:00,   0.323E-01, 151.75918
   4900,2022-02-24T06:48:00.858+02:00,   0.323E-01, 154.99382
   5000,2022-02-24T06:48:31.703+02:00,   0.331E-01, 158.22784
   5100,2022-02-24T06:49:02.623+02:00,   0.325E-01, 161.45436
   5200,2022-02-24T06:49:32.316+02:00,   0.325E-01, 164.70356
   5300,2022-02-24T06:50:01.535+02:00,   0.316E-01, 167.89432
   5400,2022-02-24T06:50:30.572+02:00,   0.316E-01, 171.05586
   5500,2022-02-24T06:50:59.664+02:00,   0.316E-01, 174.21739
   5600,2022-02-24T06:51:28.781+02:00,   0.316E-01, 177.37893
   5700,2022-02-24T06:51:57.875+02:00,   0.316E-01, 180.54047
   5800,2022-02-24T06:52:27.725+02:00,   0.316E-01, 183.70200
   5900,2022-02-24T06:52:58.404+02:00,   0.316E-01, 186.86354
   6000,2022-02-24T06:53:29.053+02:00,   0.316E-01, 190.02508
   6100,2022-02-24T06:53:59.898+02:00,   0.312E-01, 193.15755
   6200,2022-02-24T06:54:30.858+02:00,   0.263E-01, 196.51922
   6300,2022-02-24T06:55:01.743+02:00,   0.339E-01, 199.62582
   6400,2022-02-24T06:55:32.153+02:00,   0.318E-01, 202.84989
   6500,2022-02-24T06:56:01.246+02:00,   0.318E-01, 206.03079
   6600,2022-02-24T06:56:30.382+02:00,   0.318E-01, 209.21169
   6700,2022-02-24T06:56:59.611+02:00,   0.318E-01, 212.39259
   6800,2022-02-24T06:57:28.657+02:00,   0.318E-01, 215.57350
   6900,2022-02-24T06:57:57.696+02:00,   0.318E-01, 218.75440
   7000,2022-02-24T06:58:26.805+02:00,   0.318E-01, 221.93530
   7100,2022-02-24T06:58:56.222+02:00,   0.296E-01, 224.98539
   7200,2022-02-24T06:59:25.316+02:00,   0.341E-01, 228.20992
   7300,2022-02-24T06:59:54.612+02:00,   0.321E-01, 231.49657
   7400,2022-02-24T07:00:23.613+02:00,   0.321E-01, 234.70914
   7500,2022-02-24T07:00:52.789+02:00,   0.344E-01, 238.04635
   7600,2022-02-24T07:01:21.965+02:00,   0.344E-01, 241.48392
   7700,2022-02-24T07:01:51.219+02:00,   0.275E-01, 244.56271
   7800,2022-02-24T07:02:20.458+02:00,   0.322E-01, 247.69906
   7900,2022-02-24T07:02:49.705+02:00,   0.322E-01, 250.92308
   8000,2022-02-24T07:03:19.029+02:00,   0.318E-01, 253.88175
   8100,2022-02-24T07:03:48.282+02:00,   0.318E-01, 257.06298
   8200,2022-02-24T07:04:17.685+02:00,   0.337E-01, 260.23471
   8300,2022-02-24T07:04:46.895+02:00,   0.330E-01, 263.55489
   8400,2022-02-24T07:05:16.013+02:00,   0.330E-01, 266.85057
   8500,2022-02-24T07:05:45.116+02:00,   0.330E-01, 270.14625
   8600,2022-02-24T07:06:14.122+02:00,   0.330E-01, 273.44193
   8700,2022-02-24T07:06:43.312+02:00,   0.330E-01, 276.73761
   8800,2022-02-24T07:07:12.839+02:00,   0.261E-01, 279.90703
   8900,2022-02-24T07:07:42.052+02:00,   0.316E-01, 283.03772
   9000,2022-02-24T07:08:11.069+02:00,   0.316E-01, 286.19319
   9100,2022-02-24T07:08:40.178+02:00,   0.316E-01, 289.34866
   9200,2022-02-24T07:09:09.461+02:00,   0.316E-01, 292.50413
   9300,2022-02-24T07:09:38.787+02:00,   0.336E-01, 295.59345
   9400,2022-02-24T07:10:08.024+02:00,   0.336E-01, 298.95555
   9500,2022-02-24T07:10:37.448+02:00,   0.326E-01, 302.10572
   9600,2022-02-24T07:11:06.615+02:00,   0.318E-01, 305.32704
   9700,2022-02-24T07:11:35.897+02:00,   0.341E-01, 308.67002
   9800,2022-02-24T07:12:05.063+02:00,   0.341E-01, 312.08238
   9900,2022-02-24T07:12:34.500+02:00,   0.326E-01, 315.28677
  10000,2022-02-24T07:13:03.766+02:00,   0.318E-01, 318.47092
  10100,2022-02-24T07:13:33.256+02:00,   0.337E-01, 321.55274
  10200,2022-02-24T07:14:02.507+02:00,   0.315E-01, 324.59810
  10300,2022-02-24T07:14:31.815+02:00,   0.315E-01, 327.74908
  10400,2022-02-24T07:15:01.144+02:00,   0.322E-01, 330.57055
  10500,2022-02-24T07:15:30.414+02:00,   0.322E-01, 333.78647
  10600,2022-02-24T07:15:59.637+02:00,   0.322E-01, 337.00239
  10700,2022-02-24T07:16:28.854+02:00,   0.322E-01, 340.21832
  10800,2022-02-24T07:16:58.191+02:00,   0.330E-01, 343.39725
  10900,2022-02-24T07:17:27.447+02:00,   0.330E-01, 346.70097
  11000,2022-02-24T07:17:56.650+02:00,   0.327E-01, 349.96717
  11100,2022-02-24T07:18:25.823+02:00,   0.327E-01, 353.23727
  11200,2022-02-24T07:18:55.183+02:00,   0.327E-01, 356.50736
  11300,2022-02-24T07:19:24.374+02:00,   0.291E-01, 359.75951
  11400,2022-02-24T07:19:53.638+02:00,   0.337E-01, 362.90880
  11500,2022-02-24T07:20:23.016+02:00,   0.337E-01, 366.27602
  11600,2022-02-24T07:20:52.091+02:00,   0.337E-01, 369.64323
  11700,2022-02-24T07:21:21.331+02:00,   0.337E-01, 373.01045
  11800,2022-02-24T07:21:50.573+02:00,   0.337E-01, 376.37767
  11900,2022-02-24T07:22:20.017+02:00,   0.333E-01, 379.66273
  12000,2022-02-24T07:22:49.305+02:00,   0.333E-01, 382.99342
  12100,2022-02-24T07:23:18.656+02:00,   0.333E-01, 386.32411
  12200,2022-02-24T07:23:47.687+02:00,   0.328E-01, 389.61311
  12300,2022-02-24T07:24:16.871+02:00,   0.328E-01, 392.89255
  12400,2022-02-24T07:24:46.317+02:00,   0.343E-01, 396.03070
  12500,2022-02-24T07:25:15.499+02:00,   0.330E-01, 399.41679
  12600,2022-02-24T07:25:44.764+02:00,   0.285E-01, 402.61259
  12700,2022-02-24T07:26:14.038+02:00,   0.321E-01, 405.64052
  12800,2022-02-24T07:26:43.451+02:00,   0.340E-01, 408.89504
  12900,2022-02-24T07:27:13.042+02:00,   0.335E-01, 411.22584
  13000,2022-02-24T07:27:42.341+02:00,   0.323E-01, 414.42756
  13100,2022-02-24T07:28:11.573+02:00,   0.323E-01, 417.65803
  13200,2022-02-24T07:28:40.671+02:00,   0.323E-01, 420.88851
  13300,2022-02-24T07:29:10.082+02:00,   0.315E-01, 424.03032
  13400,2022-02-24T07:29:39.444+02:00,   0.340E-01, 427.09488
  13500,2022-02-24T07:30:08.473+02:00,   0.340E-01, 430.49154
  13600,2022-02-24T07:30:37.710+02:00,   0.340E-01, 433.88820
  13700,2022-02-24T07:31:06.798+02:00,   0.340E-01, 437.28487
  13800,2022-02-24T07:31:36.036+02:00,   0.336E-01, 440.59772
  13900,2022-02-24T07:32:05.413+02:00,   0.336E-01, 443.95583
  14000,2022-02-24T07:32:34.368+02:00,   0.336E-01, 447.31394
  14100,2022-02-24T07:33:03.341+02:00,   0.336E-01, 450.67205
  14200,2022-02-24T07:33:32.740+02:00,   0.270E-01, 453.96222
  14300,2022-02-24T07:34:01.765+02:00,   0.320E-01, 456.95084
  14400,2022-02-24T07:34:31.751+02:00,   0.315E-01, 459.86146
  14500,2022-02-24T07:35:01.092+02:00,   0.315E-01, 463.01342
  14600,2022-02-24T07:35:30.378+02:00,   0.315E-01, 466.16538
  14700,2022-02-24T07:35:59.763+02:00,   0.315E-01, 469.31734
  14800,2022-02-24T07:36:29.276+02:00,   0.249E-01, 472.25709
  14900,2022-02-24T07:36:58.436+02:00,   0.323E-01, 475.49930
  15000,2022-02-24T07:37:28.006+02:00,   0.316E-01, 478.45955
  15100,2022-02-24T07:37:57.136+02:00,   0.316E-01, 481.62153
  15200,2022-02-24T07:38:26.281+02:00,   0.275E-01, 484.76696
  15300,2022-02-24T07:38:55.580+02:00,   0.296E-01, 488.01430
  15400,2022-02-24T07:39:24.830+02:00,   0.326E-01, 491.25481
  15500,2022-02-24T07:39:54.113+02:00,   0.326E-01, 494.51607
  15600,2022-02-24T07:40:23.250+02:00,   0.326E-01, 497.77734
  15700,2022-02-24T07:40:52.656+02:00,   0.319E-01, 500.88077
  15800,2022-02-24T07:41:21.841+02:00,   0.319E-01, 504.06880
  15900,2022-02-24T07:41:51.314+02:00,   0.317E-01, 507.18370
  16000,2022-02-24T07:42:20.519+02:00,   0.317E-01, 510.35100
  16100,2022-02-24T07:42:49.699+02:00,   0.317E-01, 513.51830
  16200,2022-02-24T07:43:19.252+02:00,   0.314E-01, 516.07482
  16300,2022-02-24T07:43:48.557+02:00,   0.345E-01, 519.51345
  16400,2022-02-24T07:44:18.103+02:00,   0.324E-01, 522.42816
  16500,2022-02-24T07:44:47.327+02:00,   0.324E-01, 525.67198
  16600,2022-02-24T07:45:16.532+02:00,   0.324E-01, 528.91580
  16700,2022-02-24T07:45:45.592+02:00,   0.324E-01, 532.15961
  16800,2022-02-24T07:46:14.771+02:00,   0.315E-01, 535.32917
  16900,2022-02-24T07:46:44.108+02:00,   0.315E-01, 538.48069
  17000,2022-02-24T07:47:13.404+02:00,   0.330E-01, 541.62138
  17100,2022-02-24T07:47:42.422+02:00,   0.330E-01, 544.91979
  17200,2022-02-24T07:48:11.660+02:00,   0.330E-01, 548.21819
  17300,2022-02-24T07:48:40.799+02:00,   0.330E-01, 551.51660
  17400,2022-02-24T07:49:10.218+02:00,   0.338E-01, 554.59045
  17500,2022-02-24T07:49:39.574+02:00,   0.303E-01, 557.94832
  17600,2022-02-24T07:50:08.741+02:00,   0.326E-01, 561.11001
  17700,2022-02-24T07:50:37.737+02:00,   0.326E-01, 564.36609
  17800,2022-02-24T07:51:07.063+02:00,   0.322E-01, 567.56161
  17900,2022-02-24T07:51:36.164+02:00,   0.322E-01, 570.78414
  18000,2022-02-24T07:52:05.143+02:00,   0.322E-01, 574.00666
  18100,2022-02-24T07:52:34.420+02:00,   0.318E-01, 577.15645
  18200,2022-02-24T07:53:03.799+02:00,   0.334E-01, 580.21319
  18300,2022-02-24T07:53:32.867+02:00,   0.334E-01, 583.55695
  18400,2022-02-24T07:54:02.317+02:00,   0.327E-01, 586.83229
  18500,2022-02-24T07:54:31.610+02:00,   0.317E-01, 589.97506
  18600,2022-02-24T07:55:00.810+02:00,   0.249E-01, 593.12325
  18700,2022-02-24T07:55:30.031+02:00,   0.332E-01, 596.37885
  18800,2022-02-24T07:55:59.560+02:00,   0.321E-01, 598.90967
  18900,2022-02-24T07:56:29.709+02:00,   0.229E-01, 601.85877
  19000,2022-02-24T07:57:00.497+02:00,   0.336E-01, 604.96313
  19100,2022-02-24T07:57:31.262+02:00,   0.329E-01, 608.25804
  19200,2022-02-24T07:58:02.140+02:00,   0.315E-01, 611.27480
  19300,2022-02-24T07:58:33.394+02:00,   0.324E-01, 614.35932
  19400,2022-02-24T07:59:04.048+02:00,   0.324E-01, 617.59495
  19500,2022-02-24T07:59:34.278+02:00,   0.328E-01, 620.68315
  19600,2022-02-24T08:00:03.759+02:00,   0.280E-01, 623.71484
  19700,2022-02-24T08:00:32.940+02:00,   0.326E-01, 626.99059
  19800,2022-02-24T08:01:02.114+02:00,   0.320E-01, 630.14384
  19900,2022-02-24T08:01:31.135+02:00,   0.320E-01, 633.34068
  20000,2022-02-24T08:02:00.347+02:00,   0.320E-01, 636.53751
  20100,2022-02-24T08:02:29.954+02:00,   0.263E-01, 639.55784
  20200,2022-02-24T08:02:59.231+02:00,   0.318E-01, 642.72877
  20300,2022-02-24T08:03:28.613+02:00,   0.321E-01, 645.51707
  20400,2022-02-24T08:03:57.732+02:00,   0.321E-01, 648.72329
  20500,2022-02-24T08:04:26.918+02:00,   0.321E-01, 651.92950
  20600,2022-02-24T08:04:56.152+02:00,   0.321E-01, 655.13571
  20700,2022-02-24T08:05:25.243+02:00,   0.321E-01, 658.34192
  20800,2022-02-24T08:05:54.527+02:00,   0.321E-01, 661.54814
  20900,2022-02-24T08:06:23.846+02:00,   0.343E-01, 664.60993
  21000,2022-02-24T08:06:53.113+02:00,   0.325E-01, 667.94213
  21100,2022-02-24T08:07:22.525+02:00,   0.325E-01, 671.19217
  21200,2022-02-24T08:07:51.788+02:00,   0.316E-01, 674.35452
  21300,2022-02-24T08:08:21.096+02:00,   0.336E-01, 677.31646
  21400,2022-02-24T08:08:50.497+02:00,   0.331E-01, 680.63801
  21500,2022-02-24T08:09:19.744+02:00,   0.331E-01, 683.94365
  21600,2022-02-24T08:09:49.002+02:00,   0.327E-01, 687.22157
  21700,2022-02-24T08:10:18.557+02:00,   0.329E-01, 690.32537
  21800,2022-02-24T08:10:47.484+02:00,   0.329E-01, 693.61142
  21900,2022-02-24T08:11:16.779+02:00,   0.329E-01, 696.89746
  22000,2022-02-24T08:11:46.002+02:00,   0.329E-01, 700.18350
  22100,2022-02-24T08:12:15.103+02:00,   0.329E-01, 703.46954
  22200,2022-02-24T08:12:44.825+02:00,   0.335E-01, 706.49633
  22300,2022-02-24T08:13:14.154+02:00,   0.327E-01, 709.74863
  22400,2022-02-24T08:13:43.336+02:00,   0.327E-01, 713.01930
  22500,2022-02-24T08:14:12.468+02:00,   0.327E-01, 716.28997
  22600,2022-02-24T08:14:41.765+02:00,   0.322E-01, 719.48770
  22700,2022-02-24T08:15:11.045+02:00,   0.287E-01, 722.61254
  22800,2022-02-24T08:15:39.972+02:00,   0.316E-01, 725.75092
  22900,2022-02-24T08:16:09.225+02:00,   0.341E-01, 728.99965
  23000,2022-02-24T08:16:38.505+02:00,   0.336E-01, 732.33977
  23100,2022-02-24T08:17:07.710+02:00,   0.336E-01, 735.70469
  23200,2022-02-24T08:17:36.924+02:00,   0.317E-01, 738.91100
  23300,2022-02-24T08:18:06.111+02:00,   0.327E-01, 742.00833
  23400,2022-02-24T08:18:35.165+02:00,   0.322E-01, 745.19827
  23500,2022-02-24T08:19:04.482+02:00,   0.322E-01, 748.41894
  23600,2022-02-24T08:19:33.556+02:00,   0.287E-01, 751.63611
  23700,2022-02-24T08:20:02.817+02:00,   0.335E-01, 754.70954
  23800,2022-02-24T08:20:32.006+02:00,   0.335E-01, 758.06127
  23900,2022-02-24T08:21:01.079+02:00,   0.326E-01, 761.34305
  24000,2022-02-24T08:21:30.169+02:00,   0.343E-01, 764.56980
  24100,2022-02-24T08:21:59.495+02:00,   0.215E-01, 767.84372
  24200,2022-02-24T08:22:28.651+02:00,   0.315E-01, 770.82904
  24300,2022-02-24T08:22:57.850+02:00,   0.301E-01, 773.96841
  24400,2022-02-24T08:23:27.013+02:00,   0.331E-01, 777.23799
  24500,2022-02-24T08:23:56.018+02:00,   0.327E-01, 780.50682
  24600,2022-02-24T08:24:25.078+02:00,   0.327E-01, 783.77321
  24700,2022-02-24T08:24:54.464+02:00,   0.260E-01, 786.99791
  24800,2022-02-24T08:25:23.977+02:00,   0.343E-01, 789.67687
  24900,2022-02-24T08:25:53.060+02:00,   0.343E-01, 793.10885
  25000,2022-02-24T08:26:22.705+02:00,   0.318E-01, 796.17185
  25100,2022-02-24T08:26:51.994+02:00,   0.332E-01, 799.28404
  25200,2022-02-24T08:27:21.060+02:00,   0.298E-01, 802.58434
  25300,2022-02-24T08:27:50.386+02:00,   0.336E-01, 805.68972
  25400,2022-02-24T08:28:19.794+02:00,   0.336E-01, 809.05408
  25500,2022-02-24T08:28:49.165+02:00,   0.284E-01, 812.28292
  25600,2022-02-24T08:29:18.534+02:00,   0.335E-01, 815.62189
  25700,2022-02-24T08:29:48.053+02:00,   0.339E-01, 818.80311
  25800,2022-02-24T08:30:17.343+02:00,   0.339E-01, 822.19024
  25900,2022-02-24T08:30:46.646+02:00,   0.290E-01, 825.55771
  26000,2022-02-24T08:31:15.900+02:00,   0.315E-01, 828.60683
  26100,2022-02-24T08:31:44.940+02:00,   0.315E-01, 831.75766
  26200,2022-02-24T08:32:14.056+02:00,   0.315E-01, 834.90848
  26300,2022-02-24T08:32:43.152+02:00,   0.315E-01, 838.05930
  26400,2022-02-24T08:33:12.208+02:00,   0.315E-01, 841.21013
  26500,2022-02-24T08:33:41.674+02:00,   0.288E-01, 844.35849
  26600,2022-02-24T08:34:10.615+02:00,   0.317E-01, 847.52985
  26700,2022-02-24T08:34:39.721+02:00,   0.317E-01, 850.70120
  26800,2022-02-24T08:35:08.822+02:00,   0.317E-01, 853.87256
  26900,2022-02-24T08:35:37.793+02:00,   0.317E-01, 857.04392
  27000,2022-02-24T08:36:06.956+02:00,   0.317E-01, 860.21528
  27100,2022-02-24T08:36:36.220+02:00,   0.317E-01, 863.38664
  27200,2022-02-24T08:37:05.426+02:00,   0.317E-01, 866.55800
  27300,2022-02-24T08:37:34.718+02:00,   0.314E-01, 869.69110
  27400,2022-02-24T08:38:04.015+02:00,   0.340E-01, 872.83258
  27500,2022-02-24T08:38:33.193+02:00,   0.336E-01, 876.16006
  27600,2022-02-24T08:39:02.535+02:00,   0.319E-01, 879.31639
  27700,2022-02-24T08:39:31.636+02:00,   0.319E-01, 882.50175
  27800,2022-02-24T08:40:00.889+02:00,   0.339E-01, 885.61740
  27900,2022-02-24T08:40:30.048+02:00,   0.257E-01, 888.83145
  28000,2022-02-24T08:40:59.714+02:00,   0.319E-01, 891.82896
  28100,2022-02-24T08:41:28.790+02:00,   0.330E-01, 895.08296
  28200,2022-02-24T08:41:57.960+02:00,   0.330E-01, 898.38660
  28300,2022-02-24T08:42:27.270+02:00,   0.315E-01, 901.53666
  28400,2022-02-24T08:42:56.390+02:00,   0.315E-01, 904.68984
  28500,2022-02-24T08:43:25.481+02:00,   0.315E-01, 907.84302
  28600,2022-02-24T08:43:54.781+02:00,   0.315E-01, 910.99620
  28700,2022-02-24T08:44:23.828+02:00,   0.335E-01, 914.16633
  28800,2022-02-24T08:44:53.277+02:00,   0.324E-01, 917.21626
  28900,2022-02-24T08:45:22.526+02:00,   0.340E-01, 920.35778
  29000,2022-02-24T08:45:51.891+02:00,   0.326E-01, 923.48754
  29100,2022-02-24T08:46:20.887+02:00,   0.326E-01, 926.74303
  29200,2022-02-24T08:46:50.051+02:00,   0.326E-01, 929.99853
  29300,2022-02-24T08:47:19.114+02:00,   0.326E-01, 933.25402
  29400,2022-02-24T08:47:48.266+02:00,   0.326E-01, 936.50951
  29500,2022-02-24T08:48:17.518+02:00,   0.326E-01, 939.76500
  29600,2022-02-24T08:48:46.590+02:00,   0.326E-01, 943.02050
  29700,2022-02-24T08:49:15.892+02:00,   0.260E-01, 946.21278
  29800,2022-02-24T08:49:45.284+02:00,   0.320E-01, 949.29044
  29900,2022-02-24T08:50:14.737+02:00,   0.323E-01, 952.37957
  30000,2022-02-24T08:50:43.850+02:00,   0.323E-01, 955.61044
  30100,2022-02-24T08:51:13.088+02:00,   0.323E-01, 958.84130
  30200,2022-02-24T08:51:42.152+02:00,   0.323E-01, 962.07217
  30300,2022-02-24T08:52:11.415+02:00,   0.323E-01, 965.30304
  30400,2022-02-24T08:52:40.602+02:00,   0.323E-01, 968.53390
  30500,2022-02-24T08:53:09.731+02:00,   0.315E-01, 971.72058
  30600,2022-02-24T08:53:38.912+02:00,   0.323E-01, 974.85205
  30700,2022-02-24T08:54:08.543+02:00,   0.302E-01, 977.88708
  30800,2022-02-24T08:54:37.772+02:00,   0.326E-01, 981.11860
  30900,2022-02-24T08:55:07.125+02:00,   0.317E-01, 984.32884
  31000,2022-02-24T08:55:36.605+02:00,   0.332E-01, 987.50126
  31100,2022-02-24T08:56:05.927+02:00,   0.321E-01, 990.64567
  31200,2022-02-24T08:56:35.105+02:00,   0.278E-01, 993.84031
  31300,2022-02-24T08:57:04.288+02:00,   0.337E-01, 997.17143
  31400,2022-02-24T08:57:33.447+02:00,   0.327E-01,1000.34527
  31500,2022-02-24T08:58:02.560+02:00,   0.322E-01,1003.55081
  31600,2022-02-24T08:58:31.851+02:00,   0.322E-01,1006.77438
  31700,2022-02-24T08:59:00.997+02:00,   0.322E-01,1009.99795
  31800,2022-02-24T08:59:30.022+02:00,   0.322E-01,1013.22153
  31900,2022-02-24T08:59:59.338+02:00,   0.285E-01,1016.37492
  32000,2022-02-24T09:00:28.539+02:00,   0.318E-01,1019.48327
  32100,2022-02-24T09:00:57.593+02:00,   0.318E-01,1022.66353
  32200,2022-02-24T09:01:26.958+02:00,   0.318E-01,1025.84379
  32300,2022-02-24T09:01:56.193+02:00,   0.345E-01,1028.99381
  32400,2022-02-24T09:02:25.313+02:00,   0.345E-01,1032.44374
  32500,2022-02-24T09:02:54.708+02:00,   0.341E-01,1035.83507
  32600,2022-02-24T09:03:23.828+02:00,   0.341E-01,1039.24749
  32700,2022-02-24T09:03:53.021+02:00,   0.305E-01,1042.61953
  32800,2022-02-24T09:04:22.412+02:00,   0.323E-01,1045.81026
  32900,2022-02-24T09:04:51.475+02:00,   0.315E-01,1048.95297
  33000,2022-02-24T09:05:20.669+02:00,   0.303E-01,1052.11002
  33100,2022-02-24T09:05:49.813+02:00,   0.325E-01,1055.35686
  33200,2022-02-24T09:06:19.116+02:00,   0.337E-01,1058.61467
  33300,2022-02-24T09:06:48.365+02:00,   0.319E-01,1061.86297
  33400,2022-02-24T09:07:17.694+02:00,   0.315E-01,1064.99661
  33500,2022-02-24T09:07:46.838+02:00,   0.315E-01,1068.14623
  33600,2022-02-24T09:08:15.964+02:00,   0.315E-01,1071.29585
  33700,2022-02-24T09:08:45.244+02:00,   0.315E-01,1074.44547
  33800,2022-02-24T09:09:14.400+02:00,   0.315E-01,1077.59509
  33900,2022-02-24T09:09:43.686+02:00,   0.315E-01,1080.74471
  34000,2022-02-24T09:10:12.979+02:00,   0.315E-01,1083.89433
  34100,2022-02-24T09:10:42.173+02:00,   0.315E-01,1087.04395
  34200,2022-02-24T09:11:11.263+02:00,   0.315E-01,1090.19357
  34300,2022-02-24T09:11:40.563+02:00,   0.283E-01,1093.29776
  34400,2022-02-24T09:12:09.945+02:00,   0.326E-01,1096.29549
  34500,2022-02-24T09:12:39.150+02:00,   0.282E-01,1099.37024
  34600,2022-02-24T09:13:08.439+02:00,   0.341E-01,1102.73364
  34700,2022-02-24T09:13:37.693+02:00,   0.325E-01,1105.92140
  34800,2022-02-24T09:14:06.985+02:00,   0.316E-01,1109.08265
  34900,2022-02-24T09:14:36.095+02:00,   0.316E-01,1112.24681
  35000,2022-02-24T09:15:05.574+02:00,   0.316E-01,1115.16410
  35100,2022-02-24T09:15:35.072+02:00,   0.320E-01,1118.29544
  35200,2022-02-24T09:16:04.578+02:00,   0.322E-01,1121.39432
  35300,2022-02-24T09:16:33.831+02:00,   0.343E-01,1124.62067
  35400,2022-02-24T09:17:03.013+02:00,   0.326E-01,1127.85881
  35500,2022-02-24T09:17:32.503+02:00,   0.340E-01,1131.18246
  35600,2022-02-24T09:18:01.783+02:00,   0.328E-01,1134.39827
  35700,2022-02-24T09:18:30.792+02:00,   0.328E-01,1137.67950
  35800,2022-02-24T09:19:00.185+02:00,   0.315E-01,1140.88967
  35900,2022-02-24T09:19:29.359+02:00,   0.315E-01,1144.03826
  36000,2022-02-24T09:19:58.448+02:00,   0.315E-01,1147.18686
  36100,2022-02-24T09:20:27.625+02:00,   0.315E-01,1150.33546
  36200,2022-02-24T09:20:56.717+02:00,   0.315E-01,1153.48406
  36300,2022-02-24T09:21:26.079+02:00,   0.315E-01,1156.10234
  36400,2022-02-24T09:21:55.382+02:00,   0.296E-01,1159.23570
  36500,2022-02-24T09:22:25.388+02:00,   0.325E-01,1162.45374
  36600,2022-02-24T09:22:57.398+02:00,   0.325E-01,1165.70727
  36700,2022-02-24T09:23:29.014+02:00,   0.342E-01,1168.89921
  36800,2022-02-24T09:23:57.130+02:00,   0.337E-01,1172.27583
  36900,2022-02-24T09:24:23.853+02:00,   0.328E-01,1175.54929
  37000,2022-02-24T09:24:51.663+02:00,   0.327E-01,1178.73562
  37100,2022-02-24T09:25:19.492+02:00,   0.339E-01,1181.63654
  37200,2022-02-24T09:25:46.919+02:00,   0.339E-01,1185.02289
  37300,2022-02-24T09:26:14.989+02:00,   0.220E-01,1187.80991
  37400,2022-02-24T09:26:42.597+02:00,   0.322E-01,1190.88680
  37500,2022-02-24T09:27:10.085+02:00,   0.322E-01,1194.10936
  37600,2022-02-24T09:27:36.408+02:00,   0.325E-01,1196.80492
  37700,2022-02-24T09:28:01.960+02:00,   0.325E-01,1200.05691
  37800,2022-02-24T09:28:27.404+02:00,   0.325E-01,1203.30891
  37900,2022-02-24T09:28:53.011+02:00,   0.321E-01,1206.51711
  38000,2022-02-24T09:29:18.374+02:00,   0.321E-01,1209.72475
  38100,2022-02-24T09:29:43.731+02:00,   0.321E-01,1212.93239
  38200,2022-02-24T09:30:09.158+02:00,   0.321E-01,1216.14003
  38300,2022-02-24T09:30:34.497+02:00,   0.321E-01,1219.34767
  38400,2022-02-24T09:30:59.937+02:00,   0.321E-01,1222.55531
  38500,2022-02-24T09:31:25.509+02:00,   0.327E-01,1225.60656
  38600,2022-02-24T09:31:50.891+02:00,   0.327E-01,1228.87488
  38700,2022-02-24T09:32:16.470+02:00,   0.320E-01,1232.07094
  38800,2022-02-24T09:32:41.889+02:00,   0.320E-01,1235.27484
  38900,2022-02-24T09:33:07.407+02:00,   0.254E-01,1238.40254
  39000,2022-02-24T09:33:35.943+02:00,   0.286E-01,1241.54990
  39100,2022-02-24T09:34:06.654+02:00,   0.325E-01,1244.77831
  39200,2022-02-24T09:34:35.724+02:00,   0.325E-01,1248.02643
  39300,2022-02-24T09:35:05.057+02:00,   0.337E-01,1250.96162
  39400,2022-02-24T09:35:34.273+02:00,   0.337E-01,1254.33146
  39500,2022-02-24T09:36:03.365+02:00,   0.337E-01,1257.70130
  39600,2022-02-24T09:36:32.631+02:00,   0.326E-01,1260.88158
  39700,2022-02-24T09:37:01.867+02:00,   0.326E-01,1264.14379
  39800,2022-02-24T09:37:31.153+02:00,   0.326E-01,1267.40600
  39900,2022-02-24T09:38:00.405+02:00,   0.326E-01,1270.66822
  40000,2022-02-24T09:38:29.629+02:00,   0.322E-01,1273.89205
  40100,2022-02-24T09:38:59.000+02:00,   0.335E-01,1277.11762
  40200,2022-02-24T09:39:27.980+02:00,   0.331E-01,1280.42397
  40300,2022-02-24T09:39:57.444+02:00,   0.232E-01,1283.61450
  40400,2022-02-24T09:40:26.900+02:00,   0.316E-01,1285.74776
  40500,2022-02-24T09:40:56.099+02:00,   0.316E-01,1288.90293
  40600,2022-02-24T09:41:25.523+02:00,   0.338E-01,1292.17812
  40700,2022-02-24T09:41:54.912+02:00,   0.325E-01,1295.38511
  40800,2022-02-24T09:42:24.161+02:00,   0.325E-01,1298.63966
  40900,2022-02-24T09:42:53.383+02:00,   0.315E-01,1301.80021
  41000,2022-02-24T09:43:22.520+02:00,   0.340E-01,1305.03897
  41100,2022-02-24T09:43:51.656+02:00,   0.340E-01,1308.43518
  41200,2022-02-24T09:44:20.983+02:00,   0.340E-01,1311.83139
  41300,2022-02-24T09:44:50.369+02:00,   0.340E-01,1315.22760
  41400,2022-02-24T09:45:19.689+02:00,   0.320E-01,1318.30198
  41500,2022-02-24T09:45:49.082+02:00,   0.316E-01,1321.45449
  41600,2022-02-24T09:46:18.308+02:00,   0.316E-01,1324.61860
  41700,2022-02-24T09:46:47.720+02:00,   0.327E-01,1327.62039
  41800,2022-02-24T09:47:17.232+02:00,   0.225E-01,1330.63187
  41900,2022-02-24T09:47:46.400+02:00,   0.330E-01,1333.89118
  42000,2022-02-24T09:48:15.540+02:00,   0.330E-01,1337.18831
  42100,2022-02-24T09:48:44.780+02:00,   0.317E-01,1340.33538
  42200,2022-02-24T09:49:14.309+02:00,   0.335E-01,1343.49199
  42300,2022-02-24T09:49:43.497+02:00,   0.299E-01,1346.81605
  42400,2022-02-24T09:50:12.790+02:00,   0.324E-01,1350.00356
  42500,2022-02-24T09:50:41.765+02:00,   0.324E-01,1353.24226
  42600,2022-02-24T09:51:10.815+02:00,   0.324E-01,1356.48097
  42700,2022-02-24T09:51:40.258+02:00,   0.332E-01,1359.68455
  42800,2022-02-24T09:52:09.595+02:00,   0.332E-01,1363.00588
  42900,2022-02-24T09:52:38.775+02:00,   0.328E-01,1366.27050
  43000,2022-02-24T09:53:08.176+02:00,   0.323E-01,1369.49190
  43100,2022-02-24T09:53:37.346+02:00,   0.323E-01,1372.72139
  43200,2022-02-24T09:54:06.681+02:00,   0.332E-01,1375.89501
  43300,2022-02-24T09:54:36.170+02:00,   0.326E-01,1379.15064
  43400,2022-02-24T09:55:05.610+02:00,   0.305E-01,1382.28719
  43500,2022-02-24T09:55:34.908+02:00,   0.322E-01,1385.39693
  43600,2022-02-24T09:56:04.187+02:00,   0.322E-01,1388.61570
  43700,2022-02-24T09:56:33.300+02:00,   0.317E-01,1391.79102
  43800,2022-02-24T09:57:02.642+02:00,   0.253E-01,1394.84355
  43900,2022-02-24T09:57:32.078+02:00,   0.343E-01,1398.05067
  44000,2022-02-24T09:58:01.426+02:00,   0.320E-01,1401.27649
  44100,2022-02-24T09:58:30.783+02:00,   0.338E-01,1404.38065
  44200,2022-02-24T09:59:00.434+02:00,   0.339E-01,1407.49948
  44300,2022-02-24T09:59:29.778+02:00,   0.332E-01,1410.82295
  44400,2022-02-24T09:59:59.052+02:00,   0.332E-01,1414.14725
  44500,2022-02-24T10:00:28.238+02:00,   0.332E-01,1417.47156
  44600,2022-02-24T10:00:57.811+02:00,   0.320E-01,1420.64259
  44700,2022-02-24T10:01:26.984+02:00,   0.286E-01,1423.82373
  44800,2022-02-24T10:01:56.213+02:00,   0.338E-01,1426.95128
  44900,2022-02-24T10:02:25.510+02:00,   0.338E-01,1430.33594
  45000,2022-02-24T10:02:54.750+02:00,   0.296E-01,1433.65126
  45100,2022-02-24T10:03:24.189+02:00,   0.321E-01,1436.77081
  45200,2022-02-24T10:03:53.340+02:00,   0.321E-01,1439.98300
  45300,2022-02-24T10:04:22.755+02:00,   0.341E-01,1443.23027
  45400,2022-02-24T10:04:52.115+02:00,   0.336E-01,1446.59571
  45500,2022-02-24T10:05:21.425+02:00,   0.324E-01,1449.83806
  45600,2022-02-24T10:05:50.648+02:00,   0.228E-01,1452.92748
  45700,2022-02-24T10:06:19.864+02:00,   0.333E-01,1456.10344
  45800,2022-02-24T10:06:48.990+02:00,   0.333E-01,1459.43502
  45900,2022-02-24T10:07:18.539+02:00,   0.255E-01,1462.58021
  46000,2022-02-24T10:07:48.121+02:00,   0.253E-01,1465.58224
  46100,2022-02-24T10:08:17.772+02:00,   0.237E-01,1467.47109
  46200,2022-02-24T10:08:46.968+02:00,   0.315E-01,1470.54915
  46300,2022-02-24T10:09:16.209+02:00,   0.315E-01,1473.70380
  46400,2022-02-24T10:09:45.244+02:00,   0.315E-01,1476.85845
  46500,2022-02-24T10:10:14.546+02:00,   0.327E-01,1479.87931
  46600,2022-02-24T10:10:43.947+02:00,   0.323E-01,1483.09190
  46700,2022-02-24T10:11:13.222+02:00,   0.323E-01,1486.31855
  46800,2022-02-24T10:11:42.689+02:00,   0.315E-01,1489.19685
  46900,2022-02-24T10:12:11.876+02:00,   0.315E-01,1492.34995
  47000,2022-02-24T10:12:41.065+02:00,   0.315E-01,1495.50305
  47100,2022-02-24T10:13:10.173+02:00,   0.315E-01,1498.65615
  47200,2022-02-24T10:13:39.450+02:00,   0.315E-01,1501.80924
  47300,2022-02-24T10:14:08.792+02:00,   0.334E-01,1504.90823
  47400,2022-02-24T10:14:38.092+02:00,   0.326E-01,1508.13586
  47500,2022-02-24T10:15:07.403+02:00,   0.326E-01,1511.39957
  47600,2022-02-24T10:15:36.631+02:00,   0.316E-01,1514.58345
  47700,2022-02-24T10:16:05.766+02:00,   0.316E-01,1517.74776
  47800,2022-02-24T10:16:35.046+02:00,   0.316E-01,1520.91206
  47900,2022-02-24T10:17:04.195+02:00,   0.316E-01,1524.07637
  48000,2022-02-24T10:17:33.211+02:00,   0.316E-01,1527.24067
  48100,2022-02-24T10:18:02.611+02:00,   0.329E-01,1530.34796
  48200,2022-02-24T10:18:31.831+02:00,   0.320E-01,1533.58530
  48300,2022-02-24T10:19:01.300+02:00,   0.287E-01,1536.75960
  48400,2022-02-24T10:19:30.486+02:00,   0.316E-01,1539.91623
  48500,2022-02-24T10:19:59.599+02:00,   0.316E-01,1543.07287
  48600,2022-02-24T10:20:28.945+02:00,   0.316E-01,1546.22951
  48700,2022-02-24T10:20:58.207+02:00,   0.316E-01,1549.38615
  48800,2022-02-24T10:21:27.336+02:00,   0.316E-01,1552.54278
  48900,2022-02-24T10:21:56.639+02:00,   0.325E-01,1555.69317
  49000,2022-02-24T10:22:25.878+02:00,   0.325E-01,1558.93934
  49100,2022-02-24T10:22:55.187+02:00,   0.314E-01,1562.05842
  49200,2022-02-24T10:23:24.746+02:00,   0.327E-01,1565.19374
  49300,2022-02-24T10:23:54.264+02:00,   0.252E-01,1568.20060
  49400,2022-02-24T10:24:23.383+02:00,   0.332E-01,1571.33062
  49500,2022-02-24T10:24:52.568+02:00,   0.292E-01,1574.64063
  49600,2022-02-24T10:25:21.978+02:00,   0.315E-01,1577.71464
  49700,2022-02-24T10:25:51.172+02:00,   0.315E-01,1580.86961
  49800,2022-02-24T10:26:20.273+02:00,   0.315E-01,1584.02458
  49900,2022-02-24T10:26:49.341+02:00,   0.315E-01,1587.17955
  50000,2022-02-24T10:27:18.551+02:00,   0.341E-01,1590.37402
  50100,2022-02-24T10:27:47.580+02:00,   0.341E-01,1593.78205
  50200,2022-02-24T10:28:17.118+02:00,   0.328E-01,1596.94134
  50300,2022-02-24T10:28:46.424+02:00,   0.328E-01,1600.21947
  50400,2022-02-24T10:29:15.517+02:00,   0.328E-01,1603.49760
  50500,2022-02-24T10:29:44.786+02:00,   0.314E-01,1606.58424
  50600,2022-02-24T10:30:13.944+02:00,   0.337E-01,1609.82370
  50700,2022-02-24T10:30:43.116+02:00,   0.337E-01,1613.19539
  50800,2022-02-24T10:31:12.518+02:00,   0.328E-01,1616.45015
  50900,2022-02-24T10:31:41.748+02:00,   0.321E-01,1619.68992
  51000,2022-02-24T10:32:11.028+02:00,   0.321E-01,1622.89579
  51100,2022-02-24T10:32:40.123+02:00,   0.321E-01,1626.10167
  51200,2022-02-24T10:33:09.259+02:00,   0.321E-01,1629.30755
  51300,2022-02-24T10:33:38.665+02:00,   0.321E-01,1632.51343
  51400,2022-02-24T10:34:06.642+02:00,   0.321E-01,1635.71931
  51500,2022-02-24T10:34:35.753+02:00,   0.321E-01,1638.92519
  51600,2022-02-24T10:35:04.807+02:00,   0.321E-01,1642.13107
  51700,2022-02-24T10:35:34.151+02:00,   0.321E-01,1645.33695
  51800,2022-02-24T10:36:03.260+02:00,   0.321E-01,1648.54283
  51900,2022-02-24T10:36:32.565+02:00,   0.321E-01,1651.74871
  52000,2022-02-24T10:37:01.971+02:00,   0.339E-01,1654.85466
  52100,2022-02-24T10:37:31.341+02:00,   0.339E-01,1658.24935
  52200,2022-02-24T10:38:00.773+02:00,   0.299E-01,1661.49523
  52300,2022-02-24T10:38:30.301+02:00,   0.270E-01,1664.51197
  52400,2022-02-24T10:38:59.488+02:00,   0.327E-01,1667.77125
  52500,2022-02-24T10:39:28.784+02:00,   0.322E-01,1670.97785
  52600,2022-02-24T10:39:58.308+02:00,   0.318E-01,1674.16086
  52700,2022-02-24T10:40:27.534+02:00,   0.248E-01,1677.15107
  52800,2022-02-24T10:40:56.845+02:00,   0.190E-01,1678.87834
  52900,2022-02-24T10:41:26.313+02:00,   0.337E-01,1682.10701
  53000,2022-02-24T10:41:55.617+02:00,   0.326E-01,1685.30633
  53100,2022-02-24T10:42:24.793+02:00,   0.326E-01,1688.56400
  53200,2022-02-24T10:42:54.298+02:00,   0.326E-01,1691.82166
  53300,2022-02-24T10:43:23.781+02:00,   0.317E-01,1694.96553
  53400,2022-02-24T10:43:53.139+02:00,   0.332E-01,1697.98761
  53500,2022-02-24T10:44:22.647+02:00,   0.261E-01,1701.27787
  53600,2022-02-24T10:44:51.683+02:00,   0.316E-01,1704.27901
  53700,2022-02-24T10:45:20.794+02:00,   0.316E-01,1707.44306
  53800,2022-02-24T10:45:50.310+02:00,   0.337E-01,1710.53584
  53900,2022-02-24T10:46:19.596+02:00,   0.331E-01,1713.77244
  54000,2022-02-24T10:46:48.723+02:00,   0.318E-01,1716.94650
  54100,2022-02-24T10:47:18.282+02:00,   0.190E-01,1718.99733
  54200,2022-02-24T10:47:47.648+02:00,   0.318E-01,1722.12172
  54300,2022-02-24T10:48:16.778+02:00,   0.339E-01,1725.37651
  54400,2022-02-24T10:48:45.909+02:00,   0.339E-01,1728.76605
  54500,2022-02-24T10:49:15.105+02:00,   0.339E-01,1732.15558
  54600,2022-02-24T10:49:44.332+02:00,   0.339E-01,1735.54512
  54700,2022-02-24T10:50:13.533+02:00,   0.339E-01,1738.93465
  54800,2022-02-24T10:50:42.468+02:00,   0.339E-01,1742.32419
  54900,2022-02-24T10:51:11.640+02:00,   0.339E-01,1745.71373
  55000,2022-02-24T10:51:41.031+02:00,   0.312E-01,1748.81603
  55100,2022-02-24T10:52:10.168+02:00,   0.334E-01,1752.14650
  55200,2022-02-24T10:52:39.497+02:00,   0.330E-01,1755.23743
  55300,2022-02-24T10:53:08.831+02:00,   0.291E-01,1758.45794
  55400,2022-02-24T10:53:38.041+02:00,   0.309E-01,1761.71632
  55500,2022-02-24T10:54:07.560+02:00,   0.322E-01,1764.59917
  55600,2022-02-24T10:54:36.934+02:00,   0.343E-01,1767.92094
  55700,2022-02-24T10:55:06.204+02:00,   0.322E-01,1771.29240
  55800,2022-02-24T10:55:35.440+02:00,   0.283E-01,1774.24767
  55900,2022-02-24T10:56:04.681+02:00,   0.343E-01,1777.62969
  56000,2022-02-24T10:56:33.954+02:00,   0.335E-01,1780.95189
  56100,2022-02-24T10:57:03.162+02:00,   0.319E-01,1784.17455
  56200,2022-02-24T10:57:32.445+02:00,   0.319E-01,1787.36496
  56300,2022-02-24T10:58:01.582+02:00,   0.319E-01,1790.55538
  56400,2022-02-24T10:58:30.734+02:00,   0.343E-01,1793.66808
  56500,2022-02-24T10:58:59.990+02:00,   0.319E-01,1796.88250
  56600,2022-02-24T10:59:29.161+02:00,   0.319E-01,1800.07304
  56700,2022-02-24T10:59:58.432+02:00,   0.329E-01,1803.15348
  56800,2022-02-24T11:00:27.575+02:00,   0.329E-01,1806.44169
  56900,2022-02-24T11:00:56.849+02:00,   0.330E-01,1809.60425
  57000,2022-02-24T11:01:26.274+02:00,   0.325E-01,1812.84130
  57100,2022-02-24T11:01:55.336+02:00,   0.325E-01,1816.09391
  57200,2022-02-24T11:02:24.636+02:00,   0.319E-01,1819.32210
  57300,2022-02-24T11:02:53.973+02:00,   0.318E-01,1822.22741
  57400,2022-02-24T11:03:23.264+02:00,   0.340E-01,1825.35660
  57500,2022-02-24T11:03:52.530+02:00,   0.333E-01,1828.69429
  57600,2022-02-24T11:04:21.972+02:00,   0.343E-01,1831.94201
  57700,2022-02-24T11:04:51.104+02:00,   0.343E-01,1835.37066
  57800,2022-02-24T11:05:20.175+02:00,   0.343E-01,1838.79930
  57900,2022-02-24T11:05:49.522+02:00,   0.335E-01,1842.12710
  58000,2022-02-24T11:06:18.963+02:00,   0.330E-01,1845.32327
  58100,2022-02-24T11:06:48.108+02:00,   0.330E-01,1848.62147
  58200,2022-02-24T11:07:17.271+02:00,   0.330E-01,1851.91966
  58300,2022-02-24T11:07:46.435+02:00,   0.330E-01,1855.21786
  58400,2022-02-24T11:08:15.676+02:00,   0.289E-01,1858.42195
  58500,2022-02-24T11:08:44.781+02:00,   0.318E-01,1861.54858
  58600,2022-02-24T11:09:14.153+02:00,   0.318E-01,1864.73017
  58700,2022-02-24T11:09:43.197+02:00,   0.318E-01,1867.91176
  58800,2022-02-24T11:10:12.289+02:00,   0.318E-01,1871.09335
  58900,2022-02-24T11:10:41.541+02:00,   0.338E-01,1874.23412
  59000,2022-02-24T11:11:11.032+02:00,   0.314E-01,1877.29054
  59100,2022-02-24T11:11:40.369+02:00,   0.336E-01,1880.60806
  59200,2022-02-24T11:12:09.701+02:00,   0.330E-01,1883.63994
  59300,2022-02-24T11:12:38.765+02:00,   0.330E-01,1886.94130
  59400,2022-02-24T11:13:07.947+02:00,   0.330E-01,1890.24265
  59500,2022-02-24T11:13:37.211+02:00,   0.324E-01,1893.45421
  59600,2022-02-24T11:14:06.627+02:00,   0.330E-01,1896.56381
  59700,2022-02-24T11:14:35.782+02:00,   0.330E-01,1899.86579
  59800,2022-02-24T11:15:04.938+02:00,   0.330E-01,1903.16777
  59900,2022-02-24T11:15:34.020+02:00,   0.330E-01,1906.46975
  60000,2022-02-24T11:16:03.188+02:00,   0.330E-01,1909.77174
  60100,2022-02-24T11:16:32.426+02:00,   0.330E-01,1913.07372
  60200,2022-02-24T11:17:01.605+02:00,   0.321E-01,1916.26552
  60300,2022-02-24T11:17:30.945+02:00,   0.333E-01,1919.48788
  60400,2022-02-24T11:18:00.327+02:00,   0.326E-01,1922.71047
  60500,2022-02-24T11:18:29.499+02:00,   0.345E-01,1925.98676
  60600,2022-02-24T11:18:58.706+02:00,   0.337E-01,1929.32367
  60700,2022-02-24T11:19:28.209+02:00,   0.326E-01,1932.56979
  60800,2022-02-24T11:19:57.189+02:00,   0.326E-01,1935.83105
  60900,2022-02-24T11:20:26.284+02:00,   0.343E-01,1939.01193
  61000,2022-02-24T11:20:55.778+02:00,   0.320E-01,1942.15902
  61100,2022-02-24T11:21:25.343+02:00,   0.179E-01,1944.81145
  61200,2022-02-24T11:21:54.462+02:00,   0.317E-01,1946.74491
  61300,2022-02-24T11:22:23.771+02:00,   0.317E-01,1949.91235
  61400,2022-02-24T11:22:53.044+02:00,   0.284E-01,1953.01776
  61500,2022-02-24T11:23:22.355+02:00,   0.208E-01,1956.16945
  61600,2022-02-24T11:23:51.710+02:00,   0.324E-01,1959.19447
  61700,2022-02-24T11:24:20.946+02:00,   0.287E-01,1962.36515
  61800,2022-02-24T11:24:50.203+02:00,   0.330E-01,1965.20614
  61900,2022-02-24T11:25:19.395+02:00,   0.326E-01,1968.47466
  62000,2022-02-24T11:25:48.633+02:00,   0.290E-01,1971.72334
  62100,2022-02-24T11:26:17.810+02:00,   0.315E-01,1974.79879
  62200,2022-02-24T11:26:47.020+02:00,   0.315E-01,1977.94990
  62300,2022-02-24T11:27:15.994+02:00,   0.315E-01,1981.10101
  62400,2022-02-24T11:27:45.075+02:00,   0.315E-01,1984.25212
  62500,2022-02-24T11:28:14.249+02:00,   0.315E-01,1987.40324
  62600,2022-02-24T11:28:43.380+02:00,   0.343E-01,1990.56978
  62700,2022-02-24T11:29:12.675+02:00,   0.303E-01,1993.72417
  62800,2022-02-24T11:29:42.059+02:00,   0.334E-01,1997.04404
  62900,2022-02-24T11:30:11.291+02:00,   0.293E-01,2000.24987
  63000,2022-02-24T11:30:40.709+02:00,   0.270E-01,2003.09298
  63100,2022-02-24T11:31:10.163+02:00,   0.319E-01,2006.22243
  63200,2022-02-24T11:31:39.127+02:00,   0.319E-01,2009.41678
  63300,2022-02-24T11:32:08.209+02:00,   0.319E-01,2012.61113
  63400,2022-02-24T11:32:37.589+02:00,   0.318E-01,2015.77149
  63500,2022-02-24T11:33:06.731+02:00,   0.318E-01,2018.95102
  63600,2022-02-24T11:33:36.049+02:00,   0.268E-01,2022.14635
  63700,2022-02-24T11:34:05.229+02:00,   0.291E-01,2025.34507
  63800,2022-02-24T11:34:34.364+02:00,   0.341E-01,2028.61391
  63900,2022-02-24T11:35:03.709+02:00,   0.321E-01,2031.74994
  64000,2022-02-24T11:35:32.866+02:00,   0.321E-01,2034.95595
  64100,2022-02-24T11:36:01.904+02:00,   0.315E-01,2038.11095
  64200,2022-02-24T11:36:31.161+02:00,   0.276E-01,2041.05952
  64300,2022-02-24T11:37:00.601+02:00,   0.300E-01,2044.16742
  64400,2022-02-24T11:37:29.852+02:00,   0.330E-01,2047.43624
  64500,2022-02-24T11:37:59.037+02:00,   0.330E-01,2050.73202
  64600,2022-02-24T11:38:28.483+02:00,   0.290E-01,2053.90487
  64700,2022-02-24T11:38:57.757+02:00,   0.255E-01,2057.04308
  64800,2022-02-24T11:39:27.069+02:00,   0.344E-01,2059.36460
  64900,2022-02-24T11:39:56.552+02:00,   0.300E-01,2062.59835
  65000,2022-02-24T11:40:25.635+02:00,   0.330E-01,2065.89453
  65100,2022-02-24T11:40:55.073+02:00,   0.341E-01,2069.03899
  65200,2022-02-24T11:41:24.494+02:00,   0.331E-01,2072.37071
  65300,2022-02-24T11:41:53.744+02:00,   0.331E-01,2075.68063
  65400,2022-02-24T11:42:22.768+02:00,   0.331E-01,2078.99055
  65500,2022-02-24T11:42:52.208+02:00,   0.322E-01,2082.23679
  65600,2022-02-24T11:43:21.664+02:00,   0.230E-01,2085.32481
  65700,2022-02-24T11:43:50.731+02:00,   0.336E-01,2088.36077
  65800,2022-02-24T11:44:20.432+02:00,   0.324E-01,2091.25502
  65900,2022-02-24T11:44:49.527+02:00,   0.324E-01,2094.49291
  66000,2022-02-24T11:45:18.961+02:00,   0.309E-01,2097.54499
  66100,2022-02-24T11:45:48.196+02:00,   0.332E-01,2100.86031
  66200,2022-02-24T11:46:17.563+02:00,   0.284E-01,2103.87611
  66300,2022-02-24T11:46:46.769+02:00,   0.334E-01,2107.16835
  66400,2022-02-24T11:47:16.285+02:00,   0.278E-01,2110.25210
  66500,2022-02-24T11:47:45.282+02:00,   0.337E-01,2113.35199
  66600,2022-02-24T11:48:14.386+02:00,   0.337E-01,2116.72174
  66700,2022-02-24T11:48:43.538+02:00,   0.328E-01,2120.00654
  66800,2022-02-24T11:49:12.854+02:00,   0.322E-01,2123.24514
  66900,2022-02-24T11:49:42.059+02:00,   0.341E-01,2126.50000
  67000,2022-02-24T11:50:11.192+02:00,   0.341E-01,2129.91032
  67100,2022-02-24T11:50:40.504+02:00,   0.337E-01,2133.27024
  67200,2022-02-24T11:51:09.556+02:00,   0.337E-01,2136.63868
  67300,2022-02-24T11:51:38.905+02:00,   0.264E-01,2139.91311
  67400,2022-02-24T11:52:08.290+02:00,   0.338E-01,2143.02632
  67500,2022-02-24T11:52:37.431+02:00,   0.324E-01,2146.25598
  67600,2022-02-24T11:53:06.788+02:00,   0.339E-01,2149.40044
  67700,2022-02-24T11:53:36.103+02:00,   0.326E-01,2152.53558
  67800,2022-02-24T11:54:05.168+02:00,   0.326E-01,2155.79949
  67900,2022-02-24T11:54:34.314+02:00,   0.321E-01,2158.98508
  68000,2022-02-24T11:55:03.549+02:00,   0.321E-01,2162.19180
  68100,2022-02-24T11:55:32.783+02:00,   0.321E-01,2165.39851
  68200,2022-02-24T11:56:02.023+02:00,   0.344E-01,2168.67275
  68300,2022-02-24T11:56:31.147+02:00,   0.344E-01,2172.10949
  68400,2022-02-24T11:57:00.354+02:00,   0.326E-01,2175.37816
  68500,2022-02-24T11:57:29.666+02:00,   0.262E-01,2178.59743
  68600,2022-02-24T11:57:58.731+02:00,   0.317E-01,2181.63159
  68700,2022-02-24T11:58:27.935+02:00,   0.281E-01,2184.79365
  68800,2022-02-24T11:58:57.367+02:00,   0.324E-01,2187.82212
  68900,2022-02-24T11:59:26.742+02:00,   0.291E-01,2191.00140
  69000,2022-02-24T11:59:51.382+02:00,   0.321E-01,2194.14536
  69100,2022-02-24T12:00:12.413+02:00,   0.303E-01,2197.44176
  69200,2022-02-24T12:00:33.402+02:00,   0.325E-01,2200.59575
  69300,2022-02-24T12:00:54.279+02:00,   0.332E-01,2203.80766
  69400,2022-02-24T12:01:15.220+02:00,   0.314E-01,2206.89697
  69500,2022-02-24T12:01:36.216+02:00,   0.243E-01,2209.78896
  69600,2022-02-24T12:01:57.172+02:00,   0.324E-01,2212.96539
  69700,2022-02-24T12:02:18.148+02:00,   0.324E-01,2216.20237
  69800,2022-02-24T12:02:38.828+02:00,   0.324E-01,2219.43936
  69900,2022-02-24T12:02:59.666+02:00,   0.324E-01,2222.67634
  70000,2022-02-24T12:03:20.572+02:00,   0.324E-01,2225.91333
  70100,2022-02-24T12:03:41.436+02:00,   0.316E-01,2229.07020
  70200,2022-02-24T12:04:02.265+02:00,   0.316E-01,2232.23289
  70300,2022-02-24T12:04:23.136+02:00,   0.316E-01,2235.39558
  70400,2022-02-24T12:04:44.059+02:00,   0.335E-01,2238.44080
  70500,2022-02-24T12:05:04.915+02:00,   0.321E-01,2241.61767
  70600,2022-02-24T12:05:25.967+02:00,   0.332E-01,2244.79397
  70700,2022-02-24T12:05:46.762+02:00,   0.295E-01,2248.08915
  70800,2022-02-24T12:06:07.586+02:00,   0.325E-01,2251.26743
  70900,2022-02-24T12:06:28.431+02:00,   0.325E-01,2254.51358
  71000,2022-02-24T12:06:49.398+02:00,   0.332E-01,2257.66693
  71100,2022-02-24T12:07:10.455+02:00,   0.332E-01,2260.98787
  71200,2022-02-24T12:07:31.402+02:00,   0.332E-01,2264.30880
  71300,2022-02-24T12:07:52.252+02:00,   0.332E-01,2267.62974
  71400,2022-02-24T12:08:13.173+02:00,   0.332E-01,2270.95068
  71500,2022-02-24T12:08:34.125+02:00,   0.332E-01,2274.27161
  71600,2022-02-24T12:08:55.252+02:00,   0.333E-01,2277.53144
  71700,2022-02-24T12:09:16.300+02:00,   0.318E-01,2280.73898
  71800,2022-02-24T12:09:37.273+02:00,   0.315E-01,2283.89766
  71900,2022-02-24T12:09:58.181+02:00,   0.315E-01,2287.04833
  72000,2022-02-24T12:10:19.140+02:00,   0.315E-01,2290.19901
  72100,2022-02-24T12:10:40.199+02:00,   0.315E-01,2293.34969
  72200,2022-02-24T12:11:01.296+02:00,   0.282E-01,2296.49703
  72300,2022-02-24T12:11:22.252+02:00,   0.322E-01,2299.52581
  72400,2022-02-24T12:11:43.314+02:00,   0.280E-01,2302.69028
  72500,2022-02-24T12:12:04.256+02:00,   0.333E-01,2305.93082
  72600,2022-02-24T12:12:25.399+02:00,   0.328E-01,2309.22443
  72700,2022-02-24T12:12:46.403+02:00,   0.318E-01,2312.41948
  72800,2022-02-24T12:13:07.405+02:00,   0.285E-01,2315.52788
  72900,2022-02-24T12:13:28.441+02:00,   0.338E-01,2318.64887
  73000,2022-02-24T12:13:49.348+02:00,   0.338E-01,2322.02444
  73100,2022-02-24T12:14:10.581+02:00,   0.331E-01,2325.33257
  73200,2022-02-24T12:14:31.541+02:00,   0.331E-01,2328.64622
  73300,2022-02-24T12:14:52.581+02:00,   0.325E-01,2331.86938
  73400,2022-02-24T12:15:13.553+02:00,   0.325E-01,2335.12136
  73500,2022-02-24T12:15:34.437+02:00,   0.314E-01,2338.27399
  73600,2022-02-24T12:15:55.299+02:00,   0.334E-01,2341.35323
  73700,2022-02-24T12:16:16.338+02:00,   0.324E-01,2344.46853
  73800,2022-02-24T12:16:37.259+02:00,   0.330E-01,2347.48758
  73900,2022-02-24T12:16:58.011+02:00,   0.330E-01,2350.78957
  74000,2022-02-24T12:17:18.994+02:00,   0.330E-01,2354.09156
  74100,2022-02-24T12:17:39.957+02:00,   0.330E-01,2357.39356
  74200,2022-02-24T12:18:01.059+02:00,   0.224E-01,2360.60310
  74300,2022-02-24T12:18:22.089+02:00,   0.285E-01,2363.13332
  74400,2022-02-24T12:18:43.020+02:00,   0.224E-01,2365.97629
  74500,2022-02-24T12:19:04.445+02:00,   0.311E-01,2367.93353
  74600,2022-02-24T12:19:25.315+02:00,   0.342E-01,2371.30253
  74700,2022-02-24T12:19:46.227+02:00,   0.289E-01,2374.40419
  74800,2022-02-24T12:20:07.483+02:00,   0.182E-01,2377.47782
  74900,2022-02-24T12:20:28.333+02:00,   0.317E-01,2380.14192
  75000,2022-02-24T12:20:49.481+02:00,   0.269E-01,2383.25412
  75100,2022-02-24T12:21:10.486+02:00,   0.326E-01,2386.45133
  75200,2022-02-24T12:21:31.333+02:00,   0.326E-01,2389.71104
  75300,2022-02-24T12:21:52.376+02:00,   0.317E-01,2392.85818
  75400,2022-02-24T12:22:13.740+02:00,   0.174E-01,2395.75549
  75500,2022-02-24T12:22:34.802+02:00,   0.288E-01,2398.20500
  75600,2022-02-24T12:22:55.751+02:00,   0.336E-01,2401.32710
  75700,2022-02-24T12:23:16.746+02:00,   0.322E-01,2404.54688
  75800,2022-02-24T12:23:37.643+02:00,   0.322E-01,2407.76845
  75900,2022-02-24T12:23:58.612+02:00,   0.340E-01,2410.94157
  76000,2022-02-24T12:24:19.503+02:00,   0.340E-01,2414.34366
  76100,2022-02-24T12:24:40.411+02:00,   0.326E-01,2417.58612
  76200,2022-02-24T12:25:01.235+02:00,   0.326E-01,2420.84286
  76300,2022-02-24T12:25:22.301+02:00,   0.312E-01,2423.94340
  76400,2022-02-24T12:25:43.334+02:00,   0.339E-01,2427.24655
  76500,2022-02-24T12:26:04.362+02:00,   0.319E-01,2430.52352
  76600,2022-02-24T12:26:25.408+02:00,   0.326E-01,2433.61851
  76700,2022-02-24T12:26:46.318+02:00,   0.319E-01,2436.81750
  76800,2022-02-24T12:27:07.255+02:00,   0.319E-01,2440.00750
  76900,2022-02-24T12:27:28.348+02:00,   0.278E-01,2443.13211
  77000,2022-02-24T12:27:49.291+02:00,   0.336E-01,2446.48151
  77100,2022-02-24T12:28:10.764+02:00,   0.327E-01,2449.72719
  77200,2022-02-24T12:28:32.003+02:00,   0.289E-01,2452.92473
  77300,2022-02-24T12:28:52.932+02:00,   0.318E-01,2456.07925
  77400,2022-02-24T12:29:14.023+02:00,   0.318E-01,2459.25979
  77500,2022-02-24T12:29:34.965+02:00,   0.318E-01,2462.44033
  77600,2022-02-24T12:29:55.953+02:00,   0.328E-01,2465.51212
  77700,2022-02-24T12:30:16.773+02:00,   0.328E-01,2468.79524
  77800,2022-02-24T12:30:37.738+02:00,   0.328E-01,2472.07835
  77900,2022-02-24T12:30:58.755+02:00,   0.288E-01,2475.23221
  78000,2022-02-24T12:31:19.632+02:00,   0.317E-01,2478.39002
  78100,2022-02-24T12:31:40.529+02:00,   0.317E-01,2481.55646
  78200,2022-02-24T12:32:01.393+02:00,   0.317E-01,2484.72291
  78300,2022-02-24T12:32:22.465+02:00,   0.317E-01,2487.88935
  78400,2022-02-24T12:32:43.852+02:00,   0.283E-01,2490.91744
  78500,2022-02-24T12:33:04.866+02:00,   0.333E-01,2494.13415
  78600,2022-02-24T12:33:25.693+02:00,   0.333E-01,2497.46174
  78700,2022-02-24T12:33:46.833+02:00,   0.330E-01,2500.69263
  78800,2022-02-24T12:34:07.738+02:00,   0.330E-01,2503.99430
  78900,2022-02-24T12:34:28.580+02:00,   0.330E-01,2507.29597
  79000,2022-02-24T12:34:49.657+02:00,   0.316E-01,2510.41359
  79100,2022-02-24T12:35:10.488+02:00,   0.316E-01,2513.57444
  79200,2022-02-24T12:35:31.333+02:00,   0.316E-01,2516.73529
  79300,2022-02-24T12:35:52.353+02:00,   0.316E-01,2519.89614
  79400,2022-02-24T12:36:13.292+02:00,   0.316E-01,2523.05699
  79500,2022-02-24T12:36:34.097+02:00,   0.316E-01,2526.21784
  79600,2022-02-24T12:36:55.139+02:00,   0.341E-01,2529.39323
  79700,2022-02-24T12:37:16.361+02:00,   0.328E-01,2532.71536
  79800,2022-02-24T12:37:37.232+02:00,   0.328E-01,2535.99499
  79900,2022-02-24T12:37:58.268+02:00,   0.317E-01,2539.19780
  80000,2022-02-24T12:38:19.530+02:00,   0.164E-01,2541.88753
  80100,2022-02-24T12:38:40.411+02:00,   0.320E-01,2544.31059
  80200,2022-02-24T12:39:01.578+02:00,   0.341E-01,2547.57797
  80300,2022-02-24T12:39:22.770+02:00,   0.319E-01,2550.71268
  80400,2022-02-24T12:39:43.730+02:00,   0.301E-01,2553.84796
  80500,2022-02-24T12:40:05.022+02:00,   0.319E-01,2556.49650
  80600,2022-02-24T12:40:25.927+02:00,   0.319E-01,2559.68632
  80700,2022-02-24T12:40:46.927+02:00,   0.247E-01,2562.83989
  80800,2022-02-24T12:41:07.961+02:00,   0.317E-01,2565.77951
  80900,2022-02-24T12:41:28.895+02:00,   0.330E-01,2568.91409
  81000,2022-02-24T12:41:49.851+02:00,   0.293E-01,2572.18913
  81100,2022-02-24T12:42:10.896+02:00,   0.328E-01,2575.35678
  81200,2022-02-24T12:42:31.939+02:00,   0.340E-01,2578.60270
  81300,2022-02-24T12:42:53.080+02:00,   0.323E-01,2581.89947
  81400,2022-02-24T12:43:14.127+02:00,   0.323E-01,2585.12598
  81500,2022-02-24T12:43:35.392+02:00,   0.162E-01,2587.49239
  81600,2022-02-24T12:43:56.302+02:00,   0.343E-01,2590.14761
  81700,2022-02-24T12:44:17.753+02:00,   0.199E-01,2592.88586
  81800,2022-02-24T12:44:38.861+02:00,   0.188E-01,2595.01684
  81900,2022-02-24T12:44:59.931+02:00,   0.158E-01,2596.99912
  82000,2022-02-24T12:45:20.919+02:00,   0.332E-01,2599.93289
  82100,2022-02-24T12:45:41.871+02:00,   0.319E-01,2603.00555
  82200,2022-02-24T12:46:02.994+02:00,   0.299E-01,2606.06653
  82300,2022-02-24T12:46:23.987+02:00,   0.290E-01,2609.29309
  82400,2022-02-24T12:46:44.904+02:00,   0.319E-01,2612.47345
  82500,2022-02-24T12:47:06.019+02:00,   0.333E-01,2615.59449
  82600,2022-02-24T12:47:27.125+02:00,   0.314E-01,2618.70450
  82700,2022-02-24T12:47:48.186+02:00,   0.314E-01,2621.84628
  82800,2022-02-24T12:48:09.328+02:00,   0.335E-01,2625.09534
  82900,2022-02-24T12:48:30.245+02:00,   0.335E-01,2628.44856
  83000,2022-02-24T12:48:51.563+02:00,   0.340E-01,2631.60885
  83100,2022-02-24T12:49:12.643+02:00,   0.260E-01,2634.83240
  83200,2022-02-24T12:49:33.698+02:00,   0.336E-01,2637.91198
  83300,2022-02-24T12:49:54.640+02:00,   0.329E-01,2641.13940
  83400,2022-02-24T12:50:15.598+02:00,   0.329E-01,2644.43112
  83500,2022-02-24T12:50:36.760+02:00,   0.314E-01,2647.52255
  83600,2022-02-24T12:50:57.863+02:00,   0.329E-01,2650.71327
  83700,2022-02-24T12:51:18.791+02:00,   0.329E-01,2654.00548
  83800,2022-02-24T12:51:39.753+02:00,   0.293E-01,2657.23994
  83900,2022-02-24T12:52:00.615+02:00,   0.343E-01,2660.49873
  84000,2022-02-24T12:52:21.798+02:00,   0.323E-01,2663.77855
  84100,2022-02-24T12:52:42.802+02:00,   0.323E-01,2667.01146
  84200,2022-02-24T12:53:03.771+02:00,   0.323E-01,2670.24437
  84300,2022-02-24T12:53:24.710+02:00,   0.323E-01,2673.47728
  84400,2022-02-24T12:53:45.821+02:00,   0.332E-01,2676.24865
  84500,2022-02-24T12:54:06.758+02:00,   0.332E-01,2679.57223
  84600,2022-02-24T12:54:28.103+02:00,   0.156E-01,2682.17598
  84700,2022-02-24T12:54:49.100+02:00,   0.296E-01,2685.19426
  84800,2022-02-24T12:55:10.167+02:00,   0.338E-01,2688.35007
  84900,2022-02-24T12:55:31.185+02:00,   0.338E-01,2691.73092
  85000,2022-02-24T12:55:52.258+02:00,   0.338E-01,2695.11176
  85100,2022-02-24T12:56:13.189+02:00,   0.338E-01,2698.49261
  85200,2022-02-24T12:56:34.243+02:00,   0.322E-01,2701.66191
  85300,2022-02-24T12:56:55.222+02:00,   0.322E-01,2704.88570
  85400,2022-02-24T12:57:16.209+02:00,   0.318E-01,2708.05374
  85500,2022-02-24T12:57:37.071+02:00,   0.318E-01,2711.23248
  85600,2022-02-24T12:57:58.271+02:00,   0.318E-01,2714.41121
  85700,2022-02-24T12:58:19.251+02:00,   0.283E-01,2717.53715
  85800,2022-02-24T12:58:40.317+02:00,   0.293E-01,2720.83691
  85900,2022-02-24T12:59:01.544+02:00,   0.262E-01,2723.80570
  86000,2022-02-24T12:59:22.846+02:00,   0.325E-01,2726.77277
  86100,2022-02-24T12:59:43.884+02:00,   0.345E-01,2729.96333
  86200,2022-02-24T13:00:04.980+02:00,   0.331E-01,2733.35813
  86300,2022-02-24T13:00:25.955+02:00,   0.331E-01,2736.66505
  86400,2022-02-24T13:00:46.882+02:00,   0.331E-01,2739.97197
  86500,2022-02-24T13:01:08.097+02:00,   0.331E-01,2743.27889
  86600,2022-02-24T13:01:29.062+02:00,   0.331E-01,2746.58581
  86700,2022-02-24T13:01:50.239+02:00,   0.327E-01,2749.54792
  86800,2022-02-24T13:02:11.380+02:00,   0.319E-01,2752.67442
  86900,2022-02-24T13:02:32.407+02:00,   0.319E-01,2755.86111
  87000,2022-02-24T13:02:53.507+02:00,   0.217E-01,2758.78454
  87100,2022-02-24T13:03:14.643+02:00,   0.318E-01,2761.86486
  87200,2022-02-24T13:03:35.578+02:00,   0.318E-01,2765.04056
  87300,2022-02-24T13:03:56.441+02:00,   0.318E-01,2768.21626
  87400,2022-02-24T13:04:17.571+02:00,   0.327E-01,2771.30447
  87500,2022-02-24T13:04:38.775+02:00,   0.270E-01,2774.43190
  87600,2022-02-24T13:04:59.771+02:00,   0.345E-01,2777.38147
  87700,2022-02-24T13:05:20.845+02:00,   0.333E-01,2780.63283
  87800,2022-02-24T13:05:41.808+02:00,   0.343E-01,2783.56213
  87900,2022-02-24T13:06:02.727+02:00,   0.338E-01,2786.88950
  88000,2022-02-24T13:06:24.048+02:00,   0.289E-01,2790.08031
  88100,2022-02-24T13:06:45.054+02:00,   0.285E-01,2793.23667
  88200,2022-02-24T13:07:06.038+02:00,   0.340E-01,2796.39304
  88300,2022-02-24T13:07:27.397+02:00,   0.324E-01,2799.50993
  88400,2022-02-24T13:07:48.431+02:00,   0.319E-01,2802.69045
  88500,2022-02-24T13:08:09.388+02:00,   0.315E-01,2805.85055
  88600,2022-02-24T13:08:30.871+02:00,   0.316E-01,2808.93653
  88700,2022-02-24T13:08:51.925+02:00,   0.316E-01,2812.09966
  88800,2022-02-24T13:09:12.971+02:00,   0.316E-01,2815.26279
  88900,2022-02-24T13:09:34.051+02:00,   0.340E-01,2818.59441
  89000,2022-02-24T13:09:55.148+02:00,   0.340E-01,2821.99133
  89100,2022-02-24T13:10:16.195+02:00,   0.331E-01,2825.33373
  89200,2022-02-24T13:10:37.560+02:00,   0.321E-01,2827.71941
  89300,2022-02-24T13:10:58.500+02:00,   0.321E-01,2830.93360
  89400,2022-02-24T13:11:19.600+02:00,   0.316E-01,2833.94208
  89500,2022-02-24T13:11:40.913+02:00,   0.306E-01,2837.00611
  89600,2022-02-24T13:12:01.971+02:00,   0.295E-01,2840.11511
  89700,2022-02-24T13:12:22.898+02:00,   0.324E-01,2843.35384
  89800,2022-02-24T13:12:43.989+02:00,   0.324E-01,2846.59847
  89900,2022-02-24T13:13:05.278+02:00,   0.324E-01,2849.84309
  90000,2022-02-24T13:13:26.303+02:00,   0.324E-01,2853.08772
  90100,2022-02-24T13:13:47.570+02:00,   0.320E-01,2856.23848
  90200,2022-02-24T13:14:08.732+02:00,   0.320E-01,2859.44166
  90300,2022-02-24T13:14:29.950+02:00,   0.314E-01,2862.58676
  90400,2022-02-24T13:14:51.029+02:00,   0.346E-01,2865.81628
  90500,2022-02-24T13:15:12.114+02:00,   0.320E-01,2869.05872
  90600,2022-02-24T13:15:33.078+02:00,   0.279E-01,2872.22299
  90700,2022-02-24T13:15:54.057+02:00,   0.338E-01,2875.51808
  90800,2022-02-24T13:16:15.070+02:00,   0.332E-01,2878.83859
  90900,2022-02-24T13:16:36.158+02:00,   0.289E-01,2882.02300
  91000,2022-02-24T13:16:57.378+02:00,   0.318E-01,2885.20270
  91100,2022-02-24T13:17:18.439+02:00,   0.338E-01,2888.42614
  91200,2022-02-24T13:17:39.777+02:00,   0.166E-01,2890.55466
  91300,2022-02-24T13:18:00.790+02:00,   0.323E-01,2893.57283
  91400,2022-02-24T13:18:21.937+02:00,   0.306E-01,2896.72777
  91500,2022-02-24T13:18:42.930+02:00,   0.327E-01,2899.98930
  91600,2022-02-24T13:19:04.109+02:00,   0.327E-01,2903.25537
  91700,2022-02-24T13:19:25.117+02:00,   0.340E-01,2906.44343
  91800,2022-02-24T13:19:46.059+02:00,   0.335E-01,2909.77190
  91900,2022-02-24T13:20:07.065+02:00,   0.321E-01,2912.90073
  92000,2022-02-24T13:20:28.036+02:00,   0.321E-01,2916.11502
  92100,2022-02-24T13:20:48.921+02:00,   0.344E-01,2919.38329
  92200,2022-02-24T13:21:10.113+02:00,   0.341E-01,2922.72479
  92300,2022-02-24T13:21:31.032+02:00,   0.341E-01,2926.12989
  92400,2022-02-24T13:21:52.492+02:00,   0.248E-01,2929.46722
  92500,2022-02-24T13:22:13.889+02:00,   0.289E-01,2932.62906
  92600,2022-02-24T13:22:34.912+02:00,   0.318E-01,2935.80107
  92700,2022-02-24T13:22:55.937+02:00,   0.338E-01,2939.09841
  92800,2022-02-24T13:23:17.033+02:00,   0.287E-01,2942.28210
  92900,2022-02-24T13:23:37.929+02:00,   0.316E-01,2945.41807
  93000,2022-02-24T13:23:59.068+02:00,   0.316E-01,2948.57991
  93100,2022-02-24T13:24:20.838+02:00,   0.305E-01,2951.76731
  93200,2022-02-24T13:24:44.379+02:00,   0.336E-01,2955.11640
  93300,2022-02-24T13:25:05.408+02:00,   0.324E-01,2958.31248
  93400,2022-02-24T13:25:26.602+02:00,   0.323E-01,2961.17736
  93500,2022-02-24T13:25:47.523+02:00,   0.323E-01,2964.41112
  93600,2022-02-24T13:26:08.469+02:00,   0.323E-01,2967.64489
  93700,2022-02-24T13:26:29.356+02:00,   0.323E-01,2970.87865
  93800,2022-02-24T13:26:50.480+02:00,   0.300E-01,2973.94284
  93900,2022-02-24T13:27:11.580+02:00,   0.343E-01,2977.14063
  94000,2022-02-24T13:27:32.859+02:00,   0.318E-01,2980.20040
  94100,2022-02-24T13:27:53.841+02:00,   0.318E-01,2983.37757
  94200,2022-02-24T13:28:14.830+02:00,   0.318E-01,2986.55474
  94300,2022-02-24T13:28:35.829+02:00,   0.318E-01,2989.73190
  94400,2022-02-24T13:28:57.023+02:00,   0.332E-01,2992.73183
  94500,2022-02-24T13:29:18.519+02:00,   0.342E-01,2995.25046
  94600,2022-02-24T13:29:39.644+02:00,   0.247E-01,2998.56265
  94700,2022-02-24T13:30:00.687+02:00,   0.316E-01,3001.55575
  94800,2022-02-24T13:30:21.750+02:00,   0.307E-01,3004.62091
  94900,2022-02-24T13:30:42.791+02:00,   0.280E-01,3007.74345
  95000,2022-02-24T13:31:03.937+02:00,   0.264E-01,3010.56235
  95100,2022-02-24T13:31:24.938+02:00,   0.316E-01,3013.58038
  95200,2022-02-24T13:31:45.939+02:00,   0.316E-01,3016.73696
  95300,2022-02-24T13:32:06.850+02:00,   0.316E-01,3019.89355
  95400,2022-02-24T13:32:27.811+02:00,   0.316E-01,3023.05013
  95500,2022-02-24T13:32:48.800+02:00,   0.316E-01,3026.20672
  95600,2022-02-24T13:33:09.751+02:00,   0.316E-01,3029.36330
  95700,2022-02-24T13:33:30.727+02:00,   0.316E-01,3032.51989
  95800,2022-02-24T13:33:51.917+02:00,   0.318E-01,3035.59479
  95900,2022-02-24T13:34:13.005+02:00,   0.250E-01,3038.74863
  96000,2022-02-24T13:34:33.948+02:00,   0.332E-01,3041.94031
  96100,2022-02-24T13:34:55.061+02:00,   0.328E-01,3045.13249
  96200,2022-02-24T13:35:16.026+02:00,   0.328E-01,3048.41490
  96300,2022-02-24T13:35:36.904+02:00,   0.328E-01,3051.69732
  96400,2022-02-24T13:35:57.827+02:00,   0.328E-01,3054.97973
  96500,2022-02-24T13:36:18.697+02:00,   0.328E-01,3058.26215
  96600,2022-02-24T13:36:39.600+02:00,   0.328E-01,3061.54456
  96700,2022-02-24T13:37:00.574+02:00,   0.334E-01,3064.64333
  96800,2022-02-24T13:37:21.498+02:00,   0.334E-01,3067.98332
  96900,2022-02-24T13:37:42.402+02:00,   0.329E-01,3071.26344
  97000,2022-02-24T13:38:03.405+02:00,   0.329E-01,3074.55162
  97100,2022-02-24T13:38:24.292+02:00,   0.320E-01,3077.72507
  97200,2022-02-24T13:38:45.206+02:00,   0.320E-01,3080.92807
  97300,2022-02-24T13:39:06.251+02:00,   0.315E-01,3084.07686
  97400,2022-02-24T13:39:27.242+02:00,   0.315E-01,3087.23100
  97500,2022-02-24T13:39:48.165+02:00,   0.315E-01,3090.38513
  97600,2022-02-24T13:40:09.276+02:00,   0.281E-01,3093.51513
  97700,2022-02-24T13:40:30.227+02:00,   0.327E-01,3096.76810
  97800,2022-02-24T13:40:51.313+02:00,   0.321E-01,3100.00095
  97900,2022-02-24T13:41:12.454+02:00,   0.321E-01,3103.21365
  98000,2022-02-24T13:41:33.599+02:00,   0.324E-01,3106.28079
  98100,2022-02-24T13:41:54.466+02:00,   0.324E-01,3109.51632
  98200,2022-02-24T13:42:15.524+02:00,   0.324E-01,3112.75186
  98300,2022-02-24T13:42:36.545+02:00,   0.298E-01,3115.85496
  98400,2022-02-24T13:42:57.586+02:00,   0.320E-01,3118.95035
  98500,2022-02-24T13:43:18.720+02:00,   0.324E-01,3122.10052
  98600,2022-02-24T13:43:39.750+02:00,   0.343E-01,3125.18964
  98700,2022-02-24T13:44:01.020+02:00,   0.310E-01,3128.18949
  98800,2022-02-24T13:44:22.085+02:00,   0.341E-01,3131.60129
  98900,2022-02-24T13:44:43.012+02:00,   0.333E-01,3134.88621
  99000,2022-02-24T13:45:03.999+02:00,   0.333E-01,3138.21541
  99100,2022-02-24T13:45:25.009+02:00,   0.323E-01,3141.49580
  99200,2022-02-24T13:45:45.860+02:00,   0.323E-01,3144.72435
  99300,2022-02-24T13:46:06.855+02:00,   0.323E-01,3147.95290
  99400,2022-02-24T13:46:28.393+02:00,   0.323E-01,3151.18144
  99500,2022-02-24T13:46:49.475+02:00,   0.323E-01,3154.40999
  99600,2022-02-24T13:47:10.405+02:00,   0.323E-01,3157.63854
  99700,2022-02-24T13:47:31.537+02:00,   0.314E-01,3160.73256
  99800,2022-02-24T13:47:52.393+02:00,   0.314E-01,3163.87583
  99900,2022-02-24T13:48:13.279+02:00,   0.329E-01,3167.07674
 100000,2022-02-24T13:48:34.185+02:00,   0.329E-01,3170.37150
 100100,2022-02-24T13:48:55.196+02:00,   0.325E-01,3173.59843
 100200,2022-02-24T13:49:16.121+02:00,   0.325E-01,3176.84763
 100300,2022-02-24T13:49:37.064+02:00,   0.325E-01,3180.09682
 100400,2022-02-24T13:49:57.855+02:00,   0.320E-01,3183.27246
 100500,2022-02-24T13:50:18.584+02:00,   0.320E-01,3186.47386
 100600,2022-02-24T13:50:39.615+02:00,   0.339E-01,3189.51539
 100700,2022-02-24T13:51:00.447+02:00,   0.327E-01,3192.75894
 100800,2022-02-24T13:51:21.302+02:00,   0.289E-01,3195.94701
 100900,2022-02-24T13:51:42.258+02:00,   0.308E-01,3199.24692
 101000,2022-02-24T13:52:03.351+02:00,   0.316E-01,3202.11219
 101100,2022-02-24T13:52:24.420+02:00,   0.300E-01,3205.25512
 101200,2022-02-24T13:52:45.510+02:00,   0.198E-01,3208.07926
 101300,2022-02-24T13:53:06.468+02:00,   0.272E-01,3210.53580
 101400,2022-02-24T13:53:27.337+02:00,   0.329E-01,3213.70849
 101500,2022-02-24T13:53:48.281+02:00,   0.319E-01,3216.92360
 101600,2022-02-24T13:54:09.215+02:00,   0.319E-01,3220.11297
 101700,2022-02-24T13:54:30.074+02:00,   0.319E-01,3223.30235
 101800,2022-02-24T13:54:50.980+02:00,   0.319E-01,3226.49173
 101900,2022-02-24T13:55:11.718+02:00,   0.319E-01,3229.68110
 102000,2022-02-24T13:55:32.698+02:00,   0.321E-01,3232.82425
 102100,2022-02-24T13:55:53.807+02:00,   0.321E-01,3236.03925
 102200,2022-02-24T13:56:14.699+02:00,   0.321E-01,3239.25425
 102300,2022-02-24T13:56:35.509+02:00,   0.321E-01,3242.46924
 102400,2022-02-24T13:56:56.502+02:00,   0.321E-01,3245.68424
 102500,2022-02-24T13:57:17.459+02:00,   0.326E-01,3248.98184
 102600,2022-02-24T13:57:38.456+02:00,   0.322E-01,3252.17758
 102700,2022-02-24T13:57:59.388+02:00,   0.322E-01,3255.39856
 102800,2022-02-24T13:58:20.380+02:00,   0.344E-01,3258.52404
 102900,2022-02-24T13:58:41.426+02:00,   0.331E-01,3261.85309
 103000,2022-02-24T13:59:02.366+02:00,   0.321E-01,3265.03614
 103100,2022-02-24T13:59:23.552+02:00,   0.297E-01,3268.22279
 103200,2022-02-24T13:59:44.544+02:00,   0.320E-01,3271.34542
 103300,2022-02-24T14:00:05.430+02:00,   0.285E-01,3274.53347
 103400,2022-02-24T14:00:26.404+02:00,   0.330E-01,3277.60908
 103500,2022-02-24T14:00:47.315+02:00,   0.325E-01,3280.86691
 103600,2022-02-24T14:01:08.136+02:00,   0.325E-01,3284.11447
 103700,2022-02-24T14:01:29.025+02:00,   0.325E-01,3287.36203
 103800,2022-02-24T14:01:50.026+02:00,   0.325E-01,3290.60959
 103900,2022-02-24T14:02:10.962+02:00,   0.317E-01,3293.77158
 104000,2022-02-24T14:02:32.074+02:00,   0.279E-01,3296.71170
 104100,2022-02-24T14:02:53.171+02:00,   0.324E-01,3299.60143
 104200,2022-02-24T14:03:14.238+02:00,   0.312E-01,3302.53342
 104300,2022-02-24T14:03:35.294+02:00,   0.328E-01,3305.76701
 104400,2022-02-24T14:03:56.491+02:00,   0.320E-01,3308.64141
 104500,2022-02-24T14:04:17.666+02:00,   0.315E-01,3311.80968
 104600,2022-02-24T14:04:38.645+02:00,   0.288E-01,3314.86003
 104700,2022-02-24T14:04:59.779+02:00,   0.329E-01,3318.06771
 104800,2022-02-24T14:05:20.824+02:00,   0.320E-01,3321.26141
 104900,2022-02-24T14:05:41.785+02:00,   0.309E-01,3324.43339
 105000,2022-02-24T14:06:02.634+02:00,   0.340E-01,3327.83669
 105100,2022-02-24T14:06:23.629+02:00,   0.340E-01,3331.24000
 105200,2022-02-24T14:06:44.649+02:00,   0.316E-01,3334.44082
 105300,2022-02-24T14:07:05.687+02:00,   0.278E-01,3337.44968
 105400,2022-02-24T14:07:27.057+02:00,   0.340E-01,3340.54264
 105500,2022-02-24T14:07:48.040+02:00,   0.319E-01,3343.75025
 105600,2022-02-24T14:08:08.946+02:00,   0.319E-01,3346.93928
 105700,2022-02-24T14:08:30.109+02:00,   0.327E-01,3350.13106
 105800,2022-02-24T14:08:51.104+02:00,   0.319E-01,3353.33791
 105900,2022-02-24T14:09:12.343+02:00,   0.321E-01,3356.35268
 106000,2022-02-24T14:09:33.482+02:00,   0.321E-01,3359.56459
 106100,2022-02-24T14:09:54.557+02:00,   0.314E-01,3362.68367
 106200,2022-02-24T14:10:15.538+02:00,   0.325E-01,3365.79121
 106300,2022-02-24T14:10:36.843+02:00,   0.304E-01,3368.96704
 106400,2022-02-24T14:10:58.145+02:00,   0.329E-01,3371.27480
 106500,2022-02-24T14:11:19.272+02:00,   0.317E-01,3374.45972
 106600,2022-02-24T14:11:40.352+02:00,   0.344E-01,3377.67082
 106700,2022-02-24T14:12:01.454+02:00,   0.340E-01,3381.05255
 106800,2022-02-24T14:12:22.424+02:00,   0.340E-01,3384.45594
 106900,2022-02-24T14:12:43.642+02:00,   0.321E-01,3387.65453
 107000,2022-02-24T14:13:04.698+02:00,   0.321E-01,3390.86867
 107100,2022-02-24T14:13:25.715+02:00,   0.321E-01,3394.08280
 107200,2022-02-24T14:13:46.731+02:00,   0.321E-01,3397.29693
 107300,2022-02-24T14:14:07.729+02:00,   0.317E-01,3400.42599
 107400,2022-02-24T14:14:29.078+02:00,   0.339E-01,3403.34578
 107500,2022-02-24T14:14:50.211+02:00,   0.329E-01,3406.63092
 107600,2022-02-24T14:15:11.088+02:00,   0.329E-01,3409.91754
 107700,2022-02-24T14:15:32.088+02:00,   0.318E-01,3413.08925
 107800,2022-02-24T14:15:53.061+02:00,   0.318E-01,3416.26788
 107900,2022-02-24T14:16:13.857+02:00,   0.318E-01,3419.44652
 108000,2022-02-24T14:16:34.743+02:00,   0.318E-01,3422.62516
 108100,2022-02-24T14:16:55.744+02:00,   0.345E-01,3425.94697
 108200,2022-02-24T14:17:16.629+02:00,   0.345E-01,3429.39579
 108300,2022-02-24T14:17:37.460+02:00,   0.345E-01,3432.84462
 108400,2022-02-24T14:17:58.551+02:00,   0.345E-01,3436.29344
 108500,2022-02-24T14:18:19.547+02:00,   0.322E-01,3439.49580
 108600,2022-02-24T14:18:40.611+02:00,   0.340E-01,3442.55166
 108700,2022-02-24T14:19:01.986+02:00,   0.289E-01,3445.79757
 108800,2022-02-24T14:19:23.007+02:00,   0.337E-01,3448.80190
 108900,2022-02-24T14:19:43.964+02:00,   0.327E-01,3452.06571
 109000,2022-02-24T14:20:05.034+02:00,   0.315E-01,3455.15951
 109100,2022-02-24T14:20:25.210+02:00,   0.197E-01,3457.56467
 109200,2022-02-24T14:20:40.205+02:00,   0.317E-01,3460.58068
 109300,2022-02-24T14:20:55.233+02:00,   0.317E-01,3463.75142
 109400,2022-02-24T14:21:10.292+02:00,   0.328E-01,3466.85442
 109500,2022-02-24T14:21:25.433+02:00,   0.328E-01,3470.12970
 109600,2022-02-24T14:21:40.620+02:00,   0.315E-01,3473.24262
 109700,2022-02-24T14:21:55.808+02:00,   0.260E-01,3476.17368
 109800,2022-02-24T14:22:10.919+02:00,   0.314E-01,3479.21685
 109900,2022-02-24T14:22:26.136+02:00,   0.314E-01,3482.36111
 110000,2022-02-24T14:22:41.072+02:00,   0.314E-01,3485.50536
 110100,2022-02-24T14:22:56.109+02:00,   0.314E-01,3488.64962
 110200,2022-02-24T14:23:11.212+02:00,   0.327E-01,3491.62057
 110300,2022-02-24T14:23:26.206+02:00,   0.327E-01,3494.89108
 110400,2022-02-24T14:23:41.309+02:00,   0.287E-01,3498.07209
 110500,2022-02-24T14:23:56.279+02:00,   0.338E-01,3501.23923
 110600,2022-02-24T14:24:11.356+02:00,   0.329E-01,3504.55472
 110700,2022-02-24T14:24:26.507+02:00,   0.328E-01,3507.62314
 110800,2022-02-24T14:24:41.753+02:00,   0.318E-01,3510.78133
 110900,2022-02-24T14:24:56.712+02:00,   0.290E-01,3513.70898
 111000,2022-02-24T14:25:11.776+02:00,   0.274E-01,3516.60355
 111100,2022-02-24T14:25:26.937+02:00,   0.168E-01,3518.46663
 111200,2022-02-24T14:25:42.072+02:00,   0.206E-01,3521.38595
 111300,2022-02-24T14:25:57.009+02:00,   0.331E-01,3524.35935
 111400,2022-02-24T14:26:12.089+02:00,   0.331E-01,3527.66917
 111500,2022-02-24T14:26:27.013+02:00,   0.331E-01,3530.97899
 111600,2022-02-24T14:26:42.094+02:00,   0.273E-01,3533.99327
 111700,2022-02-24T14:26:57.006+02:00,   0.330E-01,3537.21363
 111800,2022-02-24T14:27:12.055+02:00,   0.320E-01,3540.39696
 111900,2022-02-24T14:27:26.932+02:00,   0.320E-01,3543.59275
 112000,2022-02-24T14:27:42.026+02:00,   0.320E-01,3546.78854
 112100,2022-02-24T14:27:57.045+02:00,   0.320E-01,3549.98433
 112200,2022-02-24T14:28:12.359+02:00,   0.333E-01,3553.15698
 112300,2022-02-24T14:28:27.362+02:00,   0.333E-01,3556.49145
 112400,2022-02-24T14:28:42.477+02:00,   0.324E-01,3559.67763
 112500,2022-02-24T14:28:57.391+02:00,   0.324E-01,3562.91930
 112600,2022-02-24T14:29:12.475+02:00,   0.337E-01,3566.06190
 112700,2022-02-24T14:29:27.559+02:00,   0.337E-01,3569.42773
 112800,2022-02-24T14:29:42.598+02:00,   0.337E-01,3572.79355
 112900,2022-02-24T14:29:57.696+02:00,   0.337E-01,3576.15937
 113000,2022-02-24T14:30:12.636+02:00,   0.331E-01,3579.39851
 113100,2022-02-24T14:30:27.647+02:00,   0.316E-01,3582.58123
 113200,2022-02-24T14:30:42.770+02:00,   0.318E-01,3585.63354
 113300,2022-02-24T14:30:57.581+02:00,   0.318E-01,3588.80946
 113400,2022-02-24T14:31:12.451+02:00,   0.318E-01,3591.98537
 113500,2022-02-24T14:31:27.556+02:00,   0.341E-01,3594.85197
 113600,2022-02-24T14:31:42.481+02:00,   0.305E-01,3598.25477
 113660,2022-02-24T14:31:51.589+02:00,   0.301E-01,3600.00000
